Port,SupplyDemand,Mean,Std. Dev
Aberdeen-f8ea5ddd09c3,Demand,44099.01327935112,28717.974577407724
Aberdeen-f8ea5ddd09c3,Supply,50640.753693579565,26337.99128991551
Abidjan-ef95aea8399b,Demand,125998.35613831137,54611.92212863482
Abidjan-ef95aea8399b,Supply,131203.33642890767,63931.608738578194
Abkatun Terminal-e054acbce2af,Supply,142894.6610573263,86468.20551805501
Abu Al Bu Khoosh-bf7cab492b9b,Supply,137469.8996628868,86625.64388968001
Acajutla-9e6d3e562992,Demand,35954.310540603066,20358.673682140336
Ad Dakhla-e4ef831f6712,Supply,103991.92009230344,55324.52704024268
Aden-0150d4fee758,Demand,105440.63744994858,78237.70814480427
Afia Terminal-39319bbba149,Supply,118199.22459181033,35106.673289158396
Agioi Theodoroi-7d3292626911,Demand,121345.10764959914,44678.10268762878
Agioi Theodoroi-7d3292626911,Supply,83372.20231727262,33531.213729585594
Aguadulce-f392c2c62fc6,Demand,100382.6630357551,53112.2665495594
Aguadulce-f392c2c62fc6,Supply,145058.2499058621,87299.75044757094
Ain Sukhna-1a3e7c53d691,Demand,212253.64460003964,88880.6932480176
Ain Sukhna-1a3e7c53d691,Supply,65331.11411251172,47836.98362442434
Akita-219577441025,Demand,27105.57524109362,13667.33418295673
Al Basrah-1fc976f51917,Demand,63523.61146225313,45972.02638156171
Al Basrah-1fc976f51917,Supply,217830.00867526696,80214.09933177644
Al Muajjiz Terminal-e69352f09461,Demand,124612.65892788215,88304.40988843045
Al Muajjiz Terminal-e69352f09461,Supply,114324.99515376324,72380.33973964695
Al Rayyan Terminal-63332acc77de,Supply,125222.92107256917,61361.217720513036
Al Shaheen-a874751f27d5,Demand,124727.16202186544,102200.2080309466
Al Shaheen-a874751f27d5,Supply,132253.71005370354,68687.783270705
Alexandria-25fd86a43725,Supply,107033.15169671255,79858.06120534027
Algeciras-f1a4cd999637,Demand,110824.55687871954,46487.03400802535
Algeciras-f1a4cd999637,Supply,61062.49954216192,36781.75889104139
Aliaga-21b1378cef5b,Demand,112663.95128573058,41068.069148364346
Aliaga-21b1378cef5b,Supply,75691.64170306319,40271.14566963204
Alliance-c82ad425b780,Demand,58442.49951576596,34241.38349939005
Alliance-c82ad425b780,Supply,47609.62705496646,30478.097529161634
Ama-34f12b4c6a17,Demand,64557.74495149901,36090.18874634912
Ama-34f12b4c6a17,Supply,65166.41773823697,29738.79370369946
Ambelaki-f95bf05978df,Demand,61682.37254262027,38986.39448028239
Ambelaki-f95bf05978df,Supply,58162.14205049906,34477.45648534515
Amlwch-6eee8273399a,Demand,63381.596815246856,34604.46818774933
Amlwch-6eee8273399a,Supply,43694.69141024961,19255.567702286848
Amsterdam-a65eb5b59856,Supply,66193.43092356453,30194.16588204815
Amuay Bay-5e4554330016,Demand,51088.92341990831,31864.529836202117
Amuay Bay-5e4554330016,Supply,76618.19511712452,39911.93523673009
An Ping-e585fb95bd8e,Demand,236936.4161064105,58384.44710631301
Angra Dos Reis-d87b536f17a4,Demand,120605.2568205971,42266.23146600383
Angra Dos Reis-d87b536f17a4,Supply,168557.42999279738,92743.14074489014
Anholt-246b0793176c,Demand,89047.82008006838,31472.637523394525
Anholt-246b0793176c,Supply,68769.74144799258,29592.526907879197
Anse Tombladora-1a2328b8249e,Supply,192176.98646372632,92617.4320853872
Antan-a36fe373d14d,Supply,132044.5122245749,45843.04805225967
Antifer-d5d78c86794b,Demand,232888.3322670269,70736.83208671486
Antwerp-03800591867c,Demand,79117.6351559017,33123.99694922106
Antwerp-03800591867c,Supply,63732.22071936698,26206.912503834625
Anyer Lor-41852ba9c84a,Demand,142617.99200360043,105743.96445397817
Aqaba-e84221d81a14,Demand,122432.84169955112,31040.3179413061
Ardjuna-d97dccde6b8e,Supply,47999.534429311636,27591.685210464904
Ardrossan-8bbd0ea8f7b5,Demand,100924.60903801073,35990.75000683446
Ardrossan-8bbd0ea8f7b5,Supply,46340.974728450914,20863.13542041894
Argostolion-b076142a4144,Supply,63033.04063130048,35421.03459181416
Arraial do Cabo-b054cfd95b71,Demand,58635.20098747618,25325.757717361845
Arraial do Cabo-b054cfd95b71,Supply,88227.80790726304,33177.10374764836
Arrecife-51da4f6c5723,Demand,48509.575453891535,18470.876739666917
Arzew-4edb5359fa3e,Supply,110169.03303293281,41708.62095097135
Ash Shihr-578880cc7d3c,Supply,243947.25751101115,80507.69373697092
Ashburton-c47dc19835ce,Supply,75305.98346672257,14609.730625343076
Ashkelon-fd167dd07904,Demand,101692.1159537386,34791.71913555403
Ashtart-1a30d67c61b9,Supply,62540.952726310854,25581.911174107634
Asnaes-db5dc2dfd9d6,Supply,63385.431631573236,33294.87595244678
Aspropyrgos-24a155d8c02c,Demand,39525.31049404612,15035.338152248325
Assaluyeh-6ac34a3404e7,Demand,63032.10982311545,36814.818716969094
Assaluyeh-6ac34a3404e7,Supply,136230.12027123323,75350.17285067792
Atapupu-01acb336185f,Supply,48704.99923326651,19778.95374567284
Augusta-facbcc9badd3,Demand,87122.64854079053,36115.22877532635
Augusta-facbcc9badd3,Supply,78107.30539420783,51592.26211701282
Avalon-9dcfdaa2a4cd,Demand,131820.22331015885,82726.778015494
Avalon-9dcfdaa2a4cd,Supply,95106.4406036189,42423.897586160434
Az Zawiyah-55a0bc1ebc27,Demand,70602.90622500592,38133.46187417835
Az Zawiyah-55a0bc1ebc27,Supply,90769.67315890377,26720.64533397362
Bahia Blanca-40a025c02835,Demand,66252.84837175487,29704.65828212807
Bahia Blanca-40a025c02835,Supply,39423.922199728746,24428.677722056906
Bahia Solano-723a94ced88c,Demand,125188.67925118885,69263.25035534232
Bahia Solano-723a94ced88c,Supply,142366.2115589799,84428.54015097312
Baia Do Ambriz-f4742dd26d85,Supply,141714.10017253488,68803.96935492875
Baia dos Tigres-486c1244464d,Supply,129598.79071063691,73516.8553428634
Bajo Grande-43af8c97bb52,Supply,40268.53151966833,15422.848142190596
Balboa-9c622572e868,Demand,32411.55131667269,15587.542890080147
Balhaf-acb13478c949,Supply,73429.60074439929,15750.555017350838
Balikpapan-5fa8d362a22a,Demand,100510.30632781205,45850.85421853534
Balikpapan-5fa8d362a22a,Supply,55615.25950478597,31757.68646371512
Balongan-1fd4b61205b9,Demand,71800.09116606039,29919.05707712027
Balongan-1fd4b61205b9,Supply,45469.08089587504,29145.843116600947
Ban Ao Udom-d8ec7fa8f70d,Demand,62600.38404287529,34915.958878445395
Ban Ao Udom-d8ec7fa8f70d,Supply,42781.33968024147,25449.143584982987
Bandar Abbas-ce830646c7b4,Demand,85062.2096575325,19864.12914081283
Bandar Abbas-ce830646c7b4,Supply,49650.91618457009,39018.396775498986
Bandar E Mah Shahr-b3a8f44bd40a,Supply,91649.15243627076,11330.997863321916
Bandar Khomeyni-469b12bf5317,Demand,70290.43508580283,30633.444134848036
Bandar Khomeyni-469b12bf5317,Supply,124395.72752573245,79835.79657809847
Banghazi-8cfcf0a3b699,Supply,105705.54626364338,30661.628261979444
Baniyas-2767f0e61d83,Demand,130762.8411388339,33426.06211034567
Bantry-a03eff11cb26,Demand,98504.08154203795,41077.204804628855
Bantry-a03eff11cb26,Supply,72541.89992666469,28076.853729379505
Barbate-dd2d95f36a72,Supply,65312.88772575313,77078.22005988267
Barhoft-78b54c170ecc,Demand,91549.47140523362,26641.88696420609
Barhoft-78b54c170ecc,Supply,47502.24582131559,22332.68271527715
Barrow Island-b4dc6226b554,Supply,64243.67865010507,29796.83858074875
Bashayer-5e903d6d5c2c,Supply,102761.71405010708,31141.140741588973
Bata-b6159c5149fa,Supply,177783.51012979588,74069.34989824082
Bataan-377c90243a7a,Demand,228701.99052555565,83127.22389966279
Bataan-377c90243a7a,Supply,53701.439077605006,37102.5161927555
Batangas City-599a4ab12ead,Demand,107867.69257945917,76525.57241691668
Batangas City-599a4ab12ead,Supply,58020.86628855856,34284.4312362442
Baton Rouge-1866b408e4d1,Demand,61470.57671189234,24548.711962107205
Baton Rouge-1866b408e4d1,Supply,63623.25494838429,30989.592014617152
Batu Ampar-c13dce863ef5,Demand,100599.27659078049,70976.53222016666
Batu Pahat-a352e0bacf9e,Demand,171470.1954353717,90403.19199553026
Batu Pahat-a352e0bacf9e,Supply,95838.26929097126,69374.2692123167
Batumskaya Bukhta-673ddbe4e080,Supply,76559.32321941547,24281.636054036357
Bayovar-c615c58ed79a,Supply,68573.47341346256,32168.234917251448
Baytown-0bbc5d394cf2,Demand,78681.340527349,23154.61114262672
Baytown-0bbc5d394cf2,Supply,30028.795623157454,26346.237255153632
Bayuquan-2d56aa4f17ec,Demand,148296.70826917764,81163.87975638353
Bayuquan-2d56aa4f17ec,Supply,53105.84839702253,35530.54771651717
Beaumaris-08ae971b5c71,Demand,59419.961285730016,29978.946713163972
Beaumaris-08ae971b5c71,Supply,38901.00093159649,19733.193994542075
Bedhampton-cd5a6e3297a6,Demand,88225.79740309193,26209.925639686768
Beilun-16a7df7c1e03,Demand,152292.10732452667,94547.00152377674
Beilun-16a7df7c1e03,Supply,49398.132258386686,25419.588571637723
Bejaia-27cbf19e9922,Supply,103274.82321739556,61559.55671799388
Belanak Terminal-fdbee8594eac,Supply,79613.432658256,71790.3586853484
Belawan-83191c2a3b22,Demand,201845.10924567952,88064.91157536613
Belawan-83191c2a3b22,Supply,120634.43152873448,61612.80593654945
Belle Chasse-d4dbce12087d,Demand,65124.93485042195,32875.95474022685
Belle Chasse-d4dbce12087d,Supply,46941.75836852755,44228.5310996083
Bellingham-82d03680a0b3,Demand,55038.37841659996,28823.15989641583
Bellingham-82d03680a0b3,Supply,65046.4587227036,42842.35748529143
Benchamas-12dbefd04f36,Supply,56189.93682733802,34206.4925833385
Benicia-2b89d641c94e,Demand,37296.28672030794,17430.701959655973
Benicia-2b89d641c94e,Supply,63983.171228600964,38539.14607594757
Beryl Terminal-fd1acfcd9ad2,Supply,95487.73295884216,29329.87377877596
Beykoz-753956718b0e,Demand,43086.22154078997,27564.46418179773
Beykoz-753956718b0e,Supply,49844.202080997144,34565.04548469241
Bilbao-8ca9c71dff9e,Demand,101219.81856461837,34642.484561410485
Bilbao-8ca9c71dff9e,Supply,77282.66377652965,38155.472539830116
Bin Qasim-80d463699f40,Demand,61337.46090324169,20856.080347040694
Bin Qasim-80d463699f40,Supply,29765.49411591716,17889.322049662132
Bintulu-9138ac0a6d36,Supply,70495.5283752175,24021.030501349695
Bizerte-7acaf9640d06,Demand,38284.88678786694,14940.040324165358
Bizerte-7acaf9640d06,Supply,43158.82807818215,15417.622482683933
Bonny-775a4af5a5d0,Supply,136823.11820964154,58644.62020378105
Boothville-58c144c740f9,Demand,68786.04916501202,37811.1449189676
Borssele-de0808e9fb6b,Demand,37510.41399492504,25019.422522110857
Botany Bay-e95064e7be7a,Demand,47268.33102473605,23622.87792408892
Boulogne-sur-mer-24b4a8d53d38,Demand,220733.11003948652,78342.47626789608
Bourgas-16d93a3bfdd3,Demand,84621.90644558032,18608.143916306733
Bourgas-16d93a3bfdd3,Supply,47968.36279793865,27695.546605939664
Bouri-58e9b14b246d,Supply,90548.48578444516,17962.283361048267
Bozcaada-66352f54629d,Demand,60020.26744206055,41439.74877140594
Bozcaada-66352f54629d,Supply,50622.90860946564,34355.25226456548
Braithwaite-b1d8281d4bdb,Demand,59797.99172861577,29360.17566412412
Braithwaite-b1d8281d4bdb,Supply,43382.193345676904,31234.615039827928
Brass River-514a6c5295d8,Supply,138427.14348381292,54345.52357727145
Bridlington-7a14825d8088,Demand,65074.171383827736,34144.68353245664
Brisbane-2fb2da59f3d2,Demand,82638.30290647349,25709.23126961878
Brofjorden-8f0115714312,Demand,104156.53538425303,25890.489361795007
Brownsville-03c37f9d341d,Supply,30252.96213704839,14826.018371185404
Brunsbuttel-04769aa33742,Demand,82881.04008583692,25381.41730573238
Buenos Aires-5bd47f0ab4c0,Demand,15366.115534129814,4567.352039109909
Bukhta Vanina-3afcf26fbc36,Supply,64453.13723728396,23723.83912254262
Bullen Baai-4c584f3701f5,Demand,86565.04099118644,55824.19898583572
Bullen Baai-4c584f3701f5,Supply,106139.09705937619,59377.98298753337
Burnside-9cb1bffd1db9,Demand,63923.34785310995,25074.975305045973
Busan-de280da8be4e,Demand,203679.6723766418,111911.14274636481
Bushehr-f81f1081948c,Supply,155969.97352419156,83567.17650561218
Butinge Terminal-f297ef573599,Demand,100970.91675068018,16542.509029082335
Cabinda-459ca6a07faf,Supply,169422.26448408124,72290.57005246106
Calais-37c741d0d905,Demand,193849.43774128592,93225.67062276056
Caleta Cordova-d38c32cf43d2,Supply,74416.40108715362,28809.48977513093
Caleta Olivia-e52e82965ea8,Supply,60382.18153810516,16209.45836945662
Caleta Paula-700d0c4f0c4f,Supply,63160.46510541522,13416.549698725154
Callao-324582de5e88,Demand,62256.15844067019,37993.99057654253
Callao-324582de5e88,Supply,37856.81749373797,21186.499766759327
Canuku Terminal-f70399be83e6,Supply,169670.74612664938,68498.39198489663
Caofeidian-29498c3cc308,Demand,205553.6907081509,82178.31339984732
Caofeidian-29498c3cc308,Supply,54882.32048543515,18222.598037303476
Cap Lopez-96c15e5e9e71,Supply,125934.20601160072,56777.40523537358
Cape Comorin-a3ddd23d6cf8,Demand,116743.73223504238,94307.1399062226
Cape Comorin-a3ddd23d6cf8,Supply,179315.80219487275,109043.66954208413
Cape Henlopen-e6bb66ba06d7,Demand,94330.90278346931,34640.01529050077
Cape Henlopen-e6bb66ba06d7,Supply,43581.18041218364,30053.948559633667
Cape May-485c180b3d95,Demand,115483.85474464754,76305.23311944545
Cape May-485c180b3d95,Supply,55752.811269274294,32762.557292178986
Cape Town-991a024cbdf1,Supply,110986.52372611307,78768.09603623941
Car Nicobar-b5a690362da1,Demand,184974.50729811567,110493.5320911881
Car Nicobar-b5a690362da1,Supply,115689.89441634897,69504.40554438435
Cartagena-4232156d91ca,Supply,84588.13693989078,39214.880067908336
Cartagena-c83bf0dcc291,Demand,101769.75098546647,42673.46659007727
Cartagena-c83bf0dcc291,Supply,56859.863282680904,31739.541638720806
Castellon-08c2845d53fd,Demand,94257.39932106675,31946.07360242191
Castries-21a3c522ed78,Demand,97942.97778873818,48661.68385635658
Castries-21a3c522ed78,Supply,59364.56091983622,38604.78265373086
Cayo Arcas Terminal-b6b6e0d459e4,Demand,53630.28652883768,46521.68263476476
Cayo Arcas Terminal-b6b6e0d459e4,Supply,97093.31277713327,60229.29929026323
Ceuta-e2de790bdd0f,Demand,109333.9431000532,67432.14336645429
Ceuta-e2de790bdd0f,Supply,85469.43418528883,60890.44536239932
Ceyhan-3b530c868db0,Demand,47777.21412262964,35159.63705870937
Ceyhan-3b530c868db0,Supply,103456.0212365522,36834.115825159686
Chalmette-195ea9ec9b9d,Demand,79942.57100686143,28808.50718031568
Changxingdao-5c16d1a2a8e9,Demand,231937.1899915326,72290.48919345516
Changxingdao-5c16d1a2a8e9,Supply,88472.50265076975,59748.7986190689
Charco Azul-07e1063ddabf,Demand,113617.70360652448,65320.08490978703
Charco Azul-07e1063ddabf,Supply,174054.74941917014,84437.50058103792
Chennai-b824911cec6f,Demand,119151.97031208235,45796.476050948055
Cherbourg-61cd5e165c61,Demand,207204.32939528686,91762.9023964188
Cherry Point-69fb11f0514e,Demand,80232.26836380809,39249.6721082221
Cherry Point-69fb11f0514e,Supply,69400.62088286092,45719.712645034415
Chiba-6cce4016be7b,Demand,200628.81967268942,94608.09254002768
Chiba-6cce4016be7b,Supply,31105.878911762058,17253.547986755693
Chiriqui Grande-4479d7260a3a,Demand,107824.99074958012,53284.989524756485
Chiriqui Grande-4479d7260a3a,Supply,69655.74661388482,48029.16411560957
Chisepo-478015b7d098,Demand,138812.59628661178,90536.38515135513
Chisepo-478015b7d098,Supply,141642.3524990861,84771.73949949436
Chittagong-68f7430b285f,Demand,96617.18256775447,25875.785691896897
Cienfuegos-b7bb7d28b57f,Demand,54249.76483991622,31807.75132091314
Cigading-b43a4e1b01ee,Demand,105629.59324313083,99732.97004388351
Cinta-3a938c039496,Supply,44392.54513989781,25499.80540923784
Coatzacoalcos-230dbf9a65a3,Demand,23759.47121070237,22203.042012746206
Coatzacoalcos-230dbf9a65a3,Supply,63463.132260443905,20254.22896891733
Cockatoo Island-e15fd694df57,Supply,58734.73435398646,12461.174327690882
Coden-32c1141edbaa,Demand,72810.9770112526,47671.82583613223
Coden-32c1141edbaa,Supply,54105.30155601701,31590.3704942283
Collo-118a9d1325e2,Supply,63389.46347958959,33831.197435190756
Colombo-04104bbca75f,Demand,98884.28166921632,44798.84259800873
Colombo-04104bbca75f,Supply,129582.53897455719,95051.24259170753
Colon-c99513f17c23,Demand,53333.89835148897,44915.40566017594
Colon-c99513f17c23,Supply,36991.83405707445,30759.74149091048
Come By Chance Harbor-84989c92b9a6,Demand,87299.7873451786,36792.34893673312
Come By Chance Harbor-84989c92b9a6,Supply,68532.97604426641,39868.93564421979
Comodoro Rivadavia-9d8471f8614d,Demand,32887.549930670204,22189.781838071496
Comodoro Rivadavia-9d8471f8614d,Supply,67922.93646854936,28381.87223161143
Conchan-b7b91348d404,Demand,38761.78754330992,16135.745247386963
Constantza-8640b9ce4f82,Demand,103268.65862831761,42646.08799407898
Constantza-8640b9ce4f82,Supply,45114.91565040465,28393.409154667093
Cork-5b70e0e2edb0,Demand,81037.60151039652,19007.87312072665
Cork-5b70e0e2edb0,Supply,42010.985138232354,22159.06454239679
Corpus Christi-7a30d31f121f,Demand,63366.17752238663,28958.069666044725
Corpus Christi-7a30d31f121f,Supply,81605.6689562227,27678.409405257877
Cossack-71584b369f53,Supply,61013.0642368303,28030.01279825852
Covenas-76285da2ae54,Demand,88999.23491373558,90669.19389119746
Covenas-76285da2ae54,Supply,111136.93575000856,66394.37202592682
Cowes Harbor-492fd1fcdad3,Demand,95782.57791005024,33911.76130918137
Cristobal-7a0a146c6f4c,Demand,36002.126813261166,21589.031713391643
Cyrus Terminal-7929470e34f7,Supply,69896.11538725812,22692.479400912656
Daesan-5e616be98516,Demand,174684.1569161272,99201.78771609165
Daesan-5e616be98516,Supply,87866.97425947597,74538.33382289807
Daishan-8d1d2ae11d71,Demand,125016.20175470143,89050.25813836572
Daishan-8d1d2ae11d71,Supply,64937.72093939165,45198.82936531471
Dakar-c995aa8a2b7f,Demand,105057.15635459934,86343.58860592992
Dakar-c995aa8a2b7f,Supply,99437.91570642633,36648.91846874166
Dalian-641923403d46,Demand,141049.8863034805,88924.7372058326
Dalian-641923403d46,Supply,60629.0400671678,27396.95104343026
Dampier-0770da9372ac,Supply,60726.264774234114,23270.013781644706
Dar-es-Salaam-9761ca3cc83c,Demand,97585.89303299822,18348.921077641677
Das Island-6bbe24b74298,Demand,98847.72544407344,79011.6988770368
Das Island-6bbe24b74298,Supply,144030.20733053447,80160.04051673353
Davant-8ed4143ccb1f,Demand,56254.00913911737,32123.435508415816
Davant-8ed4143ccb1f,Supply,43303.60906117148,26048.189037177126
De Kastri-152e8b122f41,Supply,92890.17646930885,11265.636043080063
Deendayal (Kandla)-cb8c572f1f7c,Demand,145359.84202649008,96351.35700859255
Deendayal (Kandla)-cb8c572f1f7c,Supply,81509.73408773544,55460.444280653064
Delair-c0288683f54a,Demand,27540.839382098216,14434.652743358047
Delair-c0288683f54a,Supply,43211.72764139031,19156.263292854273
Delaware-b7084da9a089,Demand,44143.757314518916,34211.821031643056
Delaware-b7084da9a089,Supply,45884.43550980521,21967.651963444598
Delma-ebf81718f685,Demand,47647.969289314235,33816.815147485315
Delma-ebf81718f685,Supply,83454.36180897449,51083.32455615733
Destrehan-3e0eb54ab1e0,Demand,46676.36327738383,21332.358798285382
Destrehan-3e0eb54ab1e0,Supply,66157.48458455276,31354.067049225083
Dibba-63aec6d8d867,Supply,145831.3987041469,105606.32407211079
Djeno-e44e1a5065f3,Supply,140440.63573038546,68227.15336484072
Doha-334c3d200e3d,Supply,114583.8761242936,94870.28419842343
Donges-29e6374381eb,Demand,92474.8683117377,31188.93966235411
Donges-29e6374381eb,Supply,52172.31269919862,20768.235439211712
Dongjiakou-192facca7a0e,Demand,168563.8867755316,81198.38113623926
Dongjiakou-192facca7a0e,Supply,52079.5752486758,24242.25865903499
Dongying-5b327b4206b2,Demand,52934.6714637057,17379.692706311907
Dongying-5b327b4206b2,Supply,58935.04892221644,18574.422790920107
Dortyol-c92e8c6577c4,Supply,56714.71620415945,32068.247392135796
Dos Bocas-51ae87032a0e,Demand,60740.91542160004,40646.743615567066
Dos Bocas-51ae87032a0e,Supply,94056.02802835668,39542.95530784798
Dubai-dd89e73f6ea8,Demand,116622.92390469542,70246.43196572889
Dubai-dd89e73f6ea8,Supply,146074.5052013452,92274.02106417844
Dumai-2e7d15752dc3,Demand,61782.90697392328,29258.99237793486
Dumai-2e7d15752dc3,Supply,61301.34518562881,28233.660859494787
Dung Quat-6cad81c97377,Demand,76154.73257439054,45675.008644997804
Dunkirk-b1108d988a99,Demand,170816.84510493916,92456.42448412029
Durban-2c15a692c2d1,Demand,150354.42175137994,57340.55936168329
Durban-2c15a692c2d1,Supply,107506.84673338843,95248.56275373804
El Hamra Oil Terminal-c68ec7f166d6,Supply,68148.36344236866,33499.72284749595
El Palito-45b3dde23b18,Demand,63569.89818985593,27776.45508829817
El Palito-45b3dde23b18,Supply,52374.10721585345,21902.483628589085
El Segundo-44e37d0a9803,Demand,83970.02607959433,42311.24269655384
El Segundo-44e37d0a9803,Supply,53541.26707623782,34356.77126470846
El Tablazo-8969089cb572,Supply,27151.26492160383,11057.30047520648
El-adabiya-794d933b1efe,Demand,33482.42478934209,12637.527325663343
Elevsis-fbce199af529,Demand,46764.66216232775,12442.632752931306
Ennore-c2e869988696,Demand,71277.83332418001,65620.70932304637
Ensted-599085667443,Supply,69834.31078796454,34420.39221074696
Erawan Terminal-18706d4ae0a3,Supply,34258.653083051584,22280.999444947425
Es Sider-7b388828f370,Supply,96306.75974514306,29314.414565333696
Escombreras-8ff2f5149d51,Demand,115205.9188478453,41652.4396659376
Escombreras-8ff2f5149d51,Supply,62794.16208045675,45333.44862198089
Escravos-d10fa4d128c1,Supply,129783.78450031589,48451.98489679395
Esmeraldas-2296c98900e5,Supply,103981.54898020142,43566.148617275074
Espevik-a06db0b14de5,Supply,62553.020578987824,23496.10626813506
Everingen-b13bb9bb37c6,Supply,42497.85959293869,29803.859947428537
Exmouth-8319bd3b7298,Supply,64876.91097322866,25441.284103232894
Eyemouth-c92fdb008442,Supply,79303.81703198433,81076.66965242689
Ez Zueitina-df251b334fca,Supply,98963.44775865474,37353.33768533771
Falconara-dded61335358,Demand,88415.64611554032,34554.60883612256
Fanara-d8097cc33917,Demand,71495.96856717089,51794.85305568722
Fanara-d8097cc33917,Supply,75466.52810704961,59368.90355231289
Fangcheng-e432e416e141,Demand,160146.55029369908,93090.54557375943
Fangcheng-e432e416e141,Supply,60017.87920558006,18645.79356503226
Fateh Terminal-07b4753abaf1,Supply,103591.697878406,57734.71222540328
Fawley-a9deff035346,Demand,86517.86964585188,30749.56630674073
Fawley-a9deff035346,Supply,60083.58555670555,61304.884657333234
Fedje-7d42a4d15909,Supply,83650.41762606172,39072.35965857887
Felton-75d2c607efac,Demand,74247.49046602048,26601.514530641394
Ferndale-202bfe1fc498,Demand,77327.35399797463,34852.23212374227
Ferndale-202bfe1fc498,Supply,39295.45462442561,26342.40364607791
Ferrol-95cf5ab44ffa,Demand,60515.971045331695,38759.38607716209
Ferrol-95cf5ab44ffa,Supply,52117.11083111116,38905.19215842499
Finnart Oil Terminal-68b4bb1f9d17,Demand,99633.42207161392,38206.660428946336
Forcados-344ee102e813,Supply,147240.35735959676,51931.65249192158
Fort De France-e336039d97b0,Demand,79512.73443738301,23115.221088426202
Fortaleza-5baebe8b4683,Demand,21927.10154493054,9798.796719090262
Forties Terminal-758cde43cb57,Supply,79681.07112412997,20687.593476700356
Fos-a89094aa52c0,Demand,100828.3893905351,43552.071722434
Fos-a89094aa52c0,Supply,46726.77627176169,23843.69942271649
Fraserburgh Harbor-6dfcea86689c,Supply,66469.51951859602,26108.96746932259
Fredericia-2ce2fe57cad8,Supply,91313.24541702734,20952.00799205953
Frederikshavn-09d8333af9ca,Demand,79913.85641598956,37366.900928417235
Frederikshavn-09d8333af9ca,Supply,141545.7583352993,101726.17573857986
Freeport-3415bc29dc8c,Demand,74640.81453707823,31431.727398689844
Freeport-3415bc29dc8c,Supply,75132.67241401698,43817.29592235637
Freeport-fd2e0532af21,Demand,90815.46890245781,69646.84101496388
Freeport-fd2e0532af21,Supply,106039.12159543659,88053.74809342725
Fremantle-4a5c2747a538,Demand,86367.07301799048,63449.70222625666
Fremantle-4a5c2747a538,Supply,56211.13420507006,32862.37611322447
Fuik Bay-bf0ab432d8f5,Demand,49706.2721666474,38848.24216800298
Fuik Bay-bf0ab432d8f5,Supply,81567.99598162131,49125.154279735
Fujairah-ca26fade3b91,Demand,97872.83401674888,67906.28323325067
Fujairah-ca26fade3b91,Supply,140049.44987561845,85970.46220227965
Fulmar Terminal-dd94ed4fe8fa,Supply,59185.81956015612,22259.93074754749
Galeota Point-0c028f687ae9,Supply,53559.993466056796,17181.53963964492
Galle Harbor-5d159c090d3b,Demand,148794.9699016672,99780.35882535737
Galle Harbor-5d159c090d3b,Supply,119525.94301823025,88357.90058352693
Galtby-cc4d98f09f61,Demand,94260.91655274632,14734.619781250301
Galveston-80916f3912d8,Demand,113241.89186654531,89546.82496508473
Galveston-80916f3912d8,Supply,87796.39656503804,62698.006871111735
Gamba-1049c893b584,Supply,102662.40399685287,23493.196518014465
Ganyu-b9e49bd08429,Demand,83095.14908525319,31892.206310842303
Garyville-04c030e40e80,Demand,60830.23993900986,25830.908541656096
Gdansk-34ceedb9667f,Demand,102935.88103934439,21206.506192597262
Gdansk-34ceedb9667f,Supply,89903.236991396,25288.87032244232
Gedser-86f23e05be91,Demand,86954.57830039991,28197.642053320513
Gedser-86f23e05be91,Supply,48986.17715161309,30263.011721212853
Geelong-80cda7bf3ed2,Demand,63948.63421649132,21459.70938885931
Geelong-80cda7bf3ed2,Supply,45593.55262748165,20773.982953277275
Geisum Terminal-715734f5be45,Demand,202513.8291090469,87046.77541029651
Gelendzhik-4f847e0e589a,Supply,93668.76524087913,38434.82786427404
Gelibolu-15f5e85c3281,Demand,40604.62937402306,29337.55026842227
Gelibolu-15f5e85c3281,Supply,45488.00233309777,33718.95251838084
Genoa-65f8cdf3c546,Demand,78173.12806048988,28324.318206919666
Genoa-65f8cdf3c546,Supply,39857.40052825937,25790.718161140758
George Town-1221ebf98ef5,Demand,124186.95680637237,89146.23858204721
Gibraltar-1fcc4603c786,Demand,71088.13060885941,53342.57349278496
Gibraltar-1fcc4603c786,Supply,66184.29256685328,45861.94423536055
Gombe Beta Terminal-c62d043fa5f7,Supply,135324.1735955297,64186.82694826004
Good Hope-431d3b6c8970,Demand,66217.98062337677,29963.536211467002
Good Hope-431d3b6c8970,Supply,38292.93792123274,20299.313151943705
Gorm Terminal-6743587d7141,Supply,62845.95144321454,21516.83707386834
Gothenburg-de0033e99214,Demand,88966.98988434946,36031.67017824381
Gothenburg-de0033e99214,Supply,58591.57209302467,31966.597507291604
Goto Oil Terminal-bc3f343bfee1,Demand,76024.12870506235,26356.68518827655
Goto Oil Terminal-bc3f343bfee1,Supply,241772.3027586312,88135.17247119878
Gramercy-f85565631382,Demand,49432.94835587849,23961.48748916862
Gramercy-f85565631382,Supply,52396.56489882781,29978.203922249893
Grand Cul De Sac Bay-8f457aa4d65c,Demand,114834.85587261648,46595.75449910525
Grand Cul De Sac Bay-8f457aa4d65c,Supply,70918.32823563492,39283.19872047463
Great Yarmouth-b48776078bc6,Demand,95758.9848133561,51372.969197583894
Great Yarmouth-b48776078bc6,Supply,123284.9584979732,87970.89319353041
Greenville-91bdcff51488,Supply,121170.77876679639,20806.89012772262
Gretna-b35f7810ad7c,Supply,62751.145557211945,27356.04955729196
Grimsby-d6f49c2e1bad,Demand,82864.22290141617,31244.557112896695
Grimsby-d6f49c2e1bad,Supply,46602.6871768401,25194.511757903987
Gryphon Terminal-c60fa19a5389,Supply,58426.003862427955,31179.764373975617
Guamare Oil Terminal-0c8a73f24606,Supply,49876.40887033002,22372.98866608128
Guaranao Bay-80e98c0db688,Demand,51448.9874897044,48078.904879126625
Guaranao Bay-80e98c0db688,Supply,68761.79364391939,88347.49325435562
Guayanilla-422800078285,Demand,60131.35233509209,9609.01538968661
Guiria-f17a49448be0,Supply,77149.64806785043,75152.20693789063
Gulei-276457416195,Demand,102129.33835126266,47164.26780777535
Gulf Gateway-e0932031b5b6,Demand,105866.98428745547,64377.030797538355
Gulf Gateway-e0932031b5b6,Supply,86004.79768776259,56540.2652432761
Gullfaks Terminal-58491a793280,Supply,109999.59005316357,24365.002359998878
Gunsan-6a244100846b,Demand,182034.43807776886,99502.52488113445
Gwadar-38dd638e81c2,Demand,126172.14641810834,88742.21263548196
Gwangyang-11ecb2ca4f7f,Demand,193771.0052125006,99874.54942905327
Gwangyang-11ecb2ca4f7f,Supply,97981.2930496824,58410.51035889785
Haifa-3a42a4f6784e,Demand,69062.74158355246,35769.393777349156
Halsskov-67355b8e1ffe,Demand,78423.99882958624,45284.37047969435
Halul-b31f44d24105,Supply,131318.25957272406,70787.82785739085
Hambantota-597b12547c60,Demand,152073.99336000686,104737.53782928348
Hambantota-597b12547c60,Supply,122063.94608309357,90814.03872208874
Hamble-253db081b2ef,Supply,86376.62200633866,23844.369856273162
Hamburg-063772b8f28b,Demand,48922.11228892812,22396.937230658343
Hamriyah Free Zone-2f684e795984,Demand,95423.49288741553,69109.61193810581
Hamriyah Free Zone-2f684e795984,Supply,103387.84482906054,79006.52188792345
Hartlepool-3ef4e9aa5ca8,Supply,72944.98216191592,25120.49885777557
Hastings-13abbef165b1,Demand,238401.227522542,74459.68968049652
Hastings-89c8c399cf20,Supply,66904.25558310904,12009.20973856425
Hasvik-6cb08609d706,Supply,111850.48234945195,16466.41320456308
Hazira-5289b55a7b2a,Supply,55171.53865855975,20636.723157693163
Heidrun Field-f189358c23bc,Supply,101653.75489456688,24679.12957349398
Helgoland-c47a1ee22838,Demand,68661.23994592778,39196.94033065207
Helgoland-c47a1ee22838,Supply,56793.533257109106,28340.863968049864
Hempstead Harbour-2bf2cd41bbbb,Supply,40737.301053718176,25093.461594646797
Hidaka-780e273f0325,Demand,120408.60899086592,67849.72150116194
Hitakatsu-c69c95ac77ac,Demand,136062.29115168357,88983.10475398655
Hitakatsu-c69c95ac77ac,Supply,102542.08446218337,59607.00028816249
Hong Kong-0c90bc71ba92,Demand,68641.62981583466,30382.195302580247
Hong Kong-0c90bc71ba92,Supply,55240.509586590655,28291.31511731769
Honningsvag-7b9b43d5fd04,Demand,64106.487202300705,13818.171762438693
Honningsvag-7b9b43d5fd04,Supply,94199.83957236254,36682.976464332525
Honolulu-c946080c104a,Demand,96338.8137646486,34758.547599853795
Honolulu-c946080c104a,Supply,39310.05403052235,26977.780301981613
Hososhima Ko-a8c3b1f57b21,Demand,82407.19532319278,78115.91936227247
Hound Point-199882e34b06,Supply,158169.5447627922,96520.40387136063
Houston-453dd058edad,Demand,73318.02748060314,28706.35645509659
Houston-453dd058edad,Supply,80495.79610298225,28538.716155205126
Huanghua-501489ae5cef,Demand,50063.80319443769,19729.264145358266
Huanghua-501489ae5cef,Supply,43730.281062427304,15989.280148642903
Hudson Terminal-6bffa5cfeb7a,Supply,51903.860288129086,26941.4479385701
Huelva-8b415901e849,Demand,107112.69503361327,38147.74993753701
Huizhou Terminal-5f8d257641f5,Supply,69395.34438443676,12644.147125238
Huizhou-59dc66ffb6ae,Demand,141196.87827562832,87116.26664986461
Huizhou-59dc66ffb6ae,Supply,54597.08214025365,22415.637304351025
Huludao Gang-a3da10e3c819,Demand,93257.23784743853,77233.1842509789
Huludao Gang-a3da10e3c819,Supply,58326.43934097836,9359.012609983582
Icdas-bdb5025eb89f,Demand,50812.13619713397,32612.539288436026
Icdas-bdb5025eb89f,Supply,55887.60994879146,34127.986734765065
Imam Hasan-5e2120e8c00f,Supply,142555.34734708944,82188.44483242647
Immingham-03154ce774bb,Demand,77656.25824353358,27934.72806022914
Incheon-e1adfc095464,Demand,84509.57440998191,60313.07961502017
Irako-640c479c6310,Demand,244126.7287318195,72004.62551306933
Ishigaki-db841a8241a4,Demand,132894.37084860392,100388.18896667482
Isla Taboguilla-18cc376c453a,Demand,61486.40200492206,41348.01412042923
Isla Taboguilla-18cc376c453a,Supply,85235.09342101075,62811.05690812702
Istanbul-5b38615ba682,Demand,63918.69321139559,44449.30860504297
Istanbul-5b38615ba682,Supply,56934.13349872577,37639.189071552995
Itaqui-c457a428c3f7,Demand,68120.97225728165,30531.270870115382
Iwakuni Ko-3ec9f7fd5723,Demand,97605.18714041312,28258.859843435337
Izuhara-ee439c3cbfc0,Demand,163075.19250684453,111850.59396988754
Jakarta-9cac7206c0ef,Demand,54621.31218419508,36384.7908929777
Jakarta-9cac7206c0ef,Supply,37526.548995296725,24211.729977429735
Jask-1817bd28cf9f,Demand,96625.37342206427,96265.51577600198
Jask-1817bd28cf9f,Supply,135662.71831341487,90091.68835919736
Jawaharlal Nehru-61a68ba39082,Supply,59179.52651081048,35465.909885357294
Jazireh-ye Sirri-ae52aab2f31b,Supply,140798.96918094336,92451.39032965401
Jebel Ali-c5a22157b696,Demand,117083.32915427053,33947.04807215974
Jebel Dhanna-4c73169e04bb,Supply,86443.21409376898,50863.656968259005
Jeddah-17dce7ee2e7d,Demand,79736.13820131375,47366.51526614527
Jeddah-17dce7ee2e7d,Supply,71521.91200613473,52819.0417970923
Jeju-04d83fba8e92,Demand,154484.93228361523,99995.63687104614
Jieh-a3c0fd89df46,Demand,34591.62714507803,15386.638831030014
Jing Tang-d63c27036294,Demand,227668.0625540992,81731.18961714643
Jing Tang-d63c27036294,Supply,61074.91141526675,10705.239269291227
Jinghai-cc7e1300b78d,Supply,62537.300212888025,17177.5544790298
Jinzhou Wan-15248fa643b9,Demand,89308.78546962107,36282.71428199303
Jinzhou Wan-15248fa643b9,Supply,61888.9446828558,8791.060406204106
Jizan-2b3fce189dd6,Demand,39819.42915544553,51011.9181074137
Jizan-2b3fce189dd6,Supply,54515.10785321522,27657.97898396734
Jose Ignacio-5cdb9d8087e6,Demand,116785.84848008538,31400.290602692927
Jounieh-6929b1988d12,Demand,43359.75615406917,16506.671110842995
Kalaeloa Barbers Point Harbor-fb6ec6d1b3e5,Demand,104488.13041685028,33352.53743369967
Kalaeloa Barbers Point Harbor-fb6ec6d1b3e5,Supply,50837.36265390313,30566.071794910793
Kalamata-017d361a10bc,Demand,82213.23896028621,59132.91927005544
Kalamata-017d361a10bc,Supply,81630.71334216894,57837.847582286806
Kali Limenes-4a137f39ea06,Demand,51030.23991440838,39823.3165415466
Kali Limenes-4a137f39ea06,Supply,67200.1119841499,35864.203898835
Kalianget-b25d6300cd99,Supply,50603.90914333409,24710.379515690463
Kalundborg-8a215b9131f6,Demand,77134.6582981346,30281.810600730507
Kalundborg-8a215b9131f6,Supply,58548.21889923649,36743.09448657001
Kanokawa-23e6c8f81685,Demand,67225.01320908991,34621.1393890415
Kaohsiung-744e8721bf8f,Demand,158637.9923815552,82185.89724498428
Kaohsiung-744e8721bf8f,Supply,69441.97397762835,39052.44082682099
Karabane-105ea04156fc,Supply,99356.96676517287,38828.001015973656
Karachi-d8f24cbce54f,Demand,76478.6045555072,26561.939676374648
Karachi-d8f24cbce54f,Supply,70967.28822594634,78166.59875316072
Karimun-129f2fb1bc00,Demand,144101.95499315485,87171.33080891457
Karimun-129f2fb1bc00,Supply,117297.5731597686,76628.18582373198
Karsto-4ec9bbc93551,Supply,76203.49185109278,14132.192525585104
Kashima-8e7e597c2046,Demand,144199.87621406835,76727.49189207218
Kashima-8e7e597c2046,Supply,50423.941068283435,21681.48705514211
Kawasaki-3c5642389c14,Demand,159320.85399674112,83957.27328491509
Kawasaki-3c5642389c14,Supply,32166.96803065268,22151.346678350394
Keelung-ebeced683cfa,Demand,59186.13588333403,22545.412840401452
Kemaman-89e3dab4fd9b,Demand,120076.73562743758,51718.60509413231
Kemaman-89e3dab4fd9b,Supply,70932.48220818196,31179.906975996204
Kerteh-f886d5933d0d,Supply,57352.27324126768,28692.132363796853
Khalij-e Chabahar-327779f694cd,Demand,106277.48710333652,69197.66156552965
Kharg-15622ded90e9,Demand,106154.60835170014,79241.54653162205
Kharg-15622ded90e9,Supply,169032.79683197432,81543.44740288173
Khasab-567c7511ef5d,Supply,131696.8147483747,91392.1678701664
Khor Fakkan-6317b39e2dcf,Demand,104973.3462056852,81583.20621955801
Khor Fakkan-6317b39e2dcf,Supply,149773.21680445343,92629.82273184243
Khor al Amaya Oil Terminal-12c9d445a32f,Supply,87066.16277592999,20127.972860431175
Khor al Zubair-6ac463d74ecd,Demand,31946.678389583023,12224.094304161305
Khor al Zubair-6ac463d74ecd,Supply,106925.07638241444,40113.85843079208
Kiire-c1d11e2429fa,Demand,162973.54085857418,78482.4928837579
Kiire-c1d11e2429fa,Supply,105848.34495720542,20724.093574469785
Kijang-07f52d1400df,Supply,73588.01690735585,28946.976141169936
Kikuma-8856c476b731,Demand,84935.74468126854,34761.74241623988
King Fahd Industrial Port Jubail-c2b2fbc77ff4,Supply,77542.71035688708,28672.53731351182
King Fahd Port-34821f7aa799,Demand,178045.427106877,104872.11231701831
King Fahd Port-34821f7aa799,Supply,113126.38851597949,68793.02935221778
Kingston-24bf0b1e7a21,Demand,46991.33971223299,41645.67722705725
Kingston-24bf0b1e7a21,Supply,58589.103515366805,36495.17337300362
Kirkenes-4b38b4662083,Demand,58744.779154525284,19388.264501957492
Kirkenes-4b38b4662083,Supply,105832.0887289749,28470.004198736337
Kish-e64f0503522c,Demand,98804.4077943203,99864.01126938181
Kish-e64f0503522c,Supply,147490.12386746076,99361.00063925363
Kithira-44cd4008ceb1,Supply,75529.86571390236,40197.90973936147
Kittiwake Terminal-7a36c7a7c2fd,Supply,75116.83825422307,24143.28473556473
Klaipeda-0d30f18498ba,Demand,71693.80559229352,24577.7734803168
Klaipeda-0d30f18498ba,Supply,78082.41262306299,24331.41337585769
Klintholm-5fd12c0b2425,Demand,81649.35664881254,31610.353848385814
Klintholm-5fd12c0b2425,Supply,50066.21442552906,35342.97086509773
Ko Si Chang Harbor-272da3f36a5a,Demand,60234.24612253245,29264.601769786597
Ko Si Chang Harbor-272da3f36a5a,Supply,49683.97340225756,26398.451154071987
Kobe-979d4b8273a3,Demand,94245.78170526169,46915.90995739338
Kochi-cc7460ea0c71,Demand,143214.3300975199,82920.14736265449
Kochi-cc7460ea0c71,Supply,111050.22935662931,89591.42088001655
Kota Agung-84a3447ce3f6,Demand,116963.70262075847,73923.64705476926
Kota Agung-84a3447ce3f6,Supply,70965.4396283095,57679.33681828611
Kotka-1240173c5e40,Supply,93621.41408735966,17558.720532703843
Kozmino-62a166ce6f35,Demand,64432.0597029368,33405.07053390376
Kozmino-62a166ce6f35,Supply,103182.0762044378,13538.145819858099
Kralendijk-b24e8ab8457c,Demand,70913.02318861305,24663.036847678763
Kralendijk-b24e8ab8457c,Supply,142547.4791386196,117779.91297954052
Kribi-0d18ef4d8b20,Supply,138720.50237743242,45545.16194671933
Kuala Langsa-957e6e4a28ec,Demand,212753.66812912896,96895.96675412165
Kuala Langsa-957e6e4a28ec,Supply,119851.13506347567,107841.44735475442
Kuala Linggi Intl Port-6425839cf0d6,Demand,142697.27282034748,83866.92088145351
Kuala Linggi Intl Port-6425839cf0d6,Supply,110199.12658313563,72299.62407582132
Kuala Tanjung-1aa47709b95d,Demand,225124.2794943063,80705.76891293257
Kuala Tanjung-1aa47709b95d,Supply,114184.84663564028,81748.018103924
Kuito-2ac15f568c8e,Demand,84927.05345177162,54169.97085003384
Kuito-2ac15f568c8e,Supply,161819.62374080837,79267.09579056072
Kukup-739aed8dab99,Demand,141978.63265344716,91880.83219558111
Kukup-739aed8dab99,Supply,93872.70040325515,76098.0676932413
Kulevi-76c1817b32b4,Supply,59915.63190571745,25135.84900010738
Kumul-d1c90b85ecf3,Supply,76793.01170021993,16656.521831339833
Kurihama-150096464713,Demand,254522.87527161374,63504.47487617388
Kwinana-e56ccfd3aeb7,Demand,77043.00111642582,30028.25936000686
Kyaukpyu-025759676013,Demand,266143.73391868646,65823.01186046872
LOOP-c19184b7b547,Demand,158801.2536195567,92018.8615268563
LOOP-c19184b7b547,Supply,177698.2672256876,107113.67666673538
La Coruna-0a44300307c1,Demand,70090.48696015676,33925.34437891008
La Estacada-30ea10c184a9,Supply,41084.237993272916,18658.230190635895
La Paloma-38165a549d3a,Demand,128901.72634771901,27881.35068938749
La Paloma-38165a549d3a,Supply,194797.02966262607,77622.81171835016
La Pampilla-c82280ceb8a0,Demand,67342.1652678875,35925.496983215235
La Pampilla-c82280ceb8a0,Supply,52775.61332595626,14809.893934477926
La Place-3db5c3c7bf08,Demand,55090.1772803528,33222.05461025154
La Plata-c06d7cba9b45,Demand,42375.39577790223,78338.46553141873
La Salina-cac490186639,Supply,31207.93881019628,14871.771421715557
La Skhirra-ec363a356152,Supply,73447.70723577421,26708.0636451482
Labuan-7c41e61707fc,Demand,88049.69068345289,54272.164489523246
Labuan-7c41e61707fc,Supply,68226.61072923268,27500.314251061922
Lagos-47014fd09104,Supply,100852.1932968843,71647.67645210042
Laizhou-08bba6032811,Demand,82064.2435475308,26491.23635836066
Laizhou-08bba6032811,Supply,40030.68924828792,21566.414062452823
Lake Charles-8a861dedd10d,Demand,71009.8420927706,27051.7545843331
Lanshan-0b14723fa397,Demand,185126.85401209584,84023.85692029628
Lanshan-0b14723fa397,Supply,67158.76314381046,28546.77160537008
Larak Is.-56c401139f36,Demand,73587.78251976655,27664.852200483663
Larak Is.-56c401139f36,Supply,127337.30433424925,98993.03585710589
Las Minas-5762ea6ccd2d,Demand,27798.427880328545,19637.314080196233
Las Palmas-5d1a8657373a,Demand,63690.51336617532,37432.28199278449
Las Palmas-5d1a8657373a,Supply,77924.93033265506,35794.31307539741
Lasawei-611eb914887d,Demand,68236.40692935728,75305.304943389
Laurium-0c1bd8a6c6dd,Demand,54942.63944084579,50556.95448920327
Laurium-0c1bd8a6c6dd,Supply,36831.443390593115,18207.32382875891
Lavan-192e73959889,Demand,61666.833911253925,55471.042486235216
Lavan-192e73959889,Supply,143251.1190250824,81452.63320591554
Lazaro Cardenas-43bf0fb63d65,Supply,38945.17225864138,17824.967414077433
Le Havre-4c8da7f30f05,Demand,107009.58296612286,47201.42914430282
Le Havre-4c8da7f30f05,Supply,71787.02467057206,56266.786237860884
Leixoes-3deb77dbc15f,Demand,105276.9816862639,38358.03206802347
Lerwick-4daad61c0abb,Supply,48243.03818529338,23985.2105611069
Les Escoumins Harbor-3f35dc3969cd,Demand,86238.61613063952,35631.31401172273
Les Escoumins Harbor-3f35dc3969cd,Supply,48850.475152606174,30937.561999748694
Levis-10811e84a7d1,Demand,106601.19558241517,30711.83180353321
Levis-10811e84a7d1,Supply,63004.3393283856,34270.10460356317
Limassol-2e76e2e5ad30,Demand,93820.00519301205,50102.16493083627
Limassol-2e76e2e5ad30,Supply,96854.21887392958,53371.691715963294
Limboh Terminal-69a91073e2a8,Demand,73181.16491366844,27719.15206885051
Lirquen-19715cc8d779,Demand,101929.32142413603,36444.469356428875
Lirquen-19715cc8d779,Supply,76999.3419626555,27775.751081785285
Lisboa-0860dd02e960,Supply,74729.34333311593,37417.55791188242
Little Burin Harbor-bff5378de381,Supply,73361.46309842732,28909.488467004376
Littlehampton-0ffdc4e1fdd5,Demand,226469.92661457506,100276.09471872252
Liuheng-c7395faa59ca,Demand,170314.7866523082,93291.71718594086
Liuheng-c7395faa59ca,Supply,67846.00534529233,58051.51613216044
Liverpool-74c10d29bf7f,Demand,85267.28758831986,23713.47842146136
Livorno-706a305f41ba,Demand,58154.65372763833,24662.17597208246
Livorno-706a305f41ba,Supply,34349.62191066559,21529.683369712217
Llanddulas-aac8bb8548dc,Supply,70087.58411551417,25984.378036432507
Lombo East Terminal-f25cc6a7ab2b,Supply,138951.32866305794,75300.28203855877
Lome-ac60ca402042,Demand,124169.03908034797,74991.85919781732
Lome-ac60ca402042,Supply,114407.12971597502,65095.25647539169
Long Beach-4c3082f54073,Demand,102377.175467814,59774.92530532071
Long Beach-4c3082f54073,Supply,59545.94099124463,51874.97107795007
Long Harbour-f1a2f89d1d91,Demand,60880.95967574876,32604.792608718355
Long Harbour-f1a2f89d1d91,Supply,64070.08105626727,37715.35731958629
Long Pond-b2e644d428b5,Supply,58253.16315342789,33690.221025718674
Longkou-83dd447f48b9,Demand,84010.62992876192,27131.759497108636
Longkou-83dd447f48b9,Supply,63962.32260075592,38112.759938008145
Los Angeles-b69ef5ad9a4c,Demand,45223.58521255528,22329.325591142406
Los Angeles-b69ef5ad9a4c,Supply,38476.76951751217,27597.4159845737
Lowestoft-fa26f9b6e8fb,Demand,97880.58646281368,55554.60460427985
Lowestoft-fa26f9b6e8fb,Supply,139239.58532263892,90579.81683420613
Luanda-ca9aa21f6979,Demand,136438.72266407803,67416.64249515861
Luanda-ca9aa21f6979,Supply,137194.97688082926,82076.61874101365
Luba-7c3ce5a043e8,Supply,111116.34166759886,65129.92459380337
Lucaya-3d36bf68693f,Demand,74762.22982375749,57798.34663303042
Lucaya-3d36bf68693f,Supply,98294.3974999952,105512.92090921733
Lufeng-c78290742b89,Supply,64370.7118101459,11320.56951496988
Luka Umag-0e9383c97640,Demand,115496.01373087059,40304.04337033447
Lumut-3dba541680de,Demand,248862.59823239697,71878.56306235293
Lushun-b9d1b7664b30,Demand,233145.80831955545,66910.47814335316
Lyness-b0a6e09ce2a9,Demand,76416.2651465411,43085.29218384604
Lyness-b0a6e09ce2a9,Supply,95661.55748102274,39450.851590723876
Macae-04cbbcf288b4,Supply,89547.26865114494,42931.55049243753
Macduff-60ed9bc1ed62,Demand,35687.644633846925,20095.902288433233
Macduff-60ed9bc1ed62,Supply,42445.984853796064,22884.63131719984
Madre De Deus-1d2feb9c4dd5,Demand,67253.08695330519,19308.67187176608
Madre De Deus-1d2feb9c4dd5,Supply,48628.35564590629,25232.656996541737
Madura Terminal-9e5b960103f1,Supply,52806.5508722879,32404.793320258137
Magpetco-c6d4b432d715,Demand,59875.513248399344,28540.58769918423
Magpetco-c6d4b432d715,Supply,54028.41583019023,22326.020026964386
Mai Liao-4dcea326f7a3,Demand,247693.7764518709,76079.37419402022
Mai Liao-4dcea326f7a3,Supply,59530.117276219804,38527.93720225806
Makung-dba622fbac1f,Demand,242137.16401358155,68060.31405204808
Malabo-31e86d3dcbcb,Supply,90352.55316300351,26903.507331675926
Malacca-d424d47f4e04,Demand,144954.61270600572,93043.34310043901
Malacca-d424d47f4e04,Supply,106240.50561802847,78065.599693639
Maldonado-1e4b751efa88,Demand,66663.6272538208,48337.94586427782
Maldonado-1e4b751efa88,Supply,57718.518948478355,78573.12379397065
Malmo-a3bc35ec1802,Supply,52541.95178194699,24843.085518715245
Malta Freeport-d3fb8c6279a1,Demand,74253.6645319936,44006.43000142759
Malta Freeport-d3fb8c6279a1,Supply,79033.92303600306,48017.9601764069
Mamonal-3f9fa4be84a1,Demand,59240.8173662001,19153.725657689974
Mamonal-3f9fa4be84a1,Supply,67377.98862198261,28524.14013791894
Manzanillo-e3f77d2cc736,Demand,31565.186792217155,21611.053452979108
Maoming-3dec36d49de2,Demand,176986.5074752801,83158.38113799221
Map Ta Phut-202fdc862c4c,Demand,118176.30586692282,98277.61682029604
Map Ta Phut-202fdc862c4c,Supply,46148.02379575429,24376.772969830112
Maracaibo-9c00abcf4d8a,Demand,31452.492719901613,17429.340286078343
Maracaibo-9c00abcf4d8a,Supply,32608.110158936608,14798.947086043807
March Point-2b6c25829a80,Demand,50026.806469352276,27751.375162677723
March Point-2b6c25829a80,Supply,54535.486587240346,36688.91634477309
Marcus Hook-9826103388b5,Demand,51297.19309592572,28294.35458721289
Marcus Hook-9826103388b5,Supply,42590.74987144024,27651.74749572835
Marmara Ereglisi-b53ee56ec9d8,Demand,116434.60456884923,32638.222015883322
Marrero-5646d4d00bdf,Supply,35804.385145563945,13095.198078442278
Marsa Al Hariga-915f1727d69b,Supply,114788.64473905557,39811.42886316598
Marsa-el-Brega-47896c91db43,Supply,81589.70111301537,18934.828357608694
Marsden Point-fcb0af7daf9a,Demand,98270.74759668548,19529.102131649903
Martinez-3b2eed3fba73,Demand,41434.51299744974,17669.56171107039
Martinez-3b2eed3fba73,Supply,37561.95698513254,20040.18066410064
Massawa-7c22a25024d3,Demand,63319.53030931398,59702.715941395545
Massawa-7c22a25024d3,Supply,64858.75623910558,39090.97457166134
Matanzas-0c7cf8ac0c2c,Demand,72271.20205685771,27690.338469408693
Meizhou-c47a793b6d55,Demand,95675.27366778943,13770.17229872165
Melbourne-b02fe931e82d,Demand,81838.65154435251,33123.00491408194
Melbourne-b02fe931e82d,Supply,23953.664577593987,15380.680627360192
Mellitah-f0d1246755ae,Supply,84916.94757039065,28970.798458706056
Mersin-96488f75954b,Demand,62362.125609907715,29420.32861572282
Mersin-96488f75954b,Supply,88122.51521016391,35162.27582586331
Mesaieed-a9436ca46624,Supply,84911.17134807687,78981.54058260312
Methil-e66612f17632,Demand,59509.38893984833,76848.3039157139
Methil-e66612f17632,Supply,131867.64705797465,90869.2989594179
Midia-3dfd7036f3cc,Demand,95296.83318011985,21909.68079052585
Miike-Miyake-ef6584fefcde,Demand,141594.50252830694,103371.49090571434
Milazzo-fab25159eebe,Demand,86117.46930081058,32308.272136230793
Milazzo-fab25159eebe,Supply,39806.95003626207,19722.511823086847
Milford Haven-c669fc0bc437,Demand,96847.52838120009,36601.63628906925
Milford Haven-c669fc0bc437,Supply,55427.36405682652,31227.64397824881
Mina Abd Allah-32fa51f996b2,Supply,79601.1312733485,27960.466518292727
Mina Al Ahmadi Sea Island-98bd957bb207,Demand,120620.55479906507,63973.386627289845
Mina Al Ahmadi Sea Island-98bd957bb207,Supply,213762.7611033838,85074.29282191128
Mina Al Ahmadi-2d893ce729f6,Demand,101673.80873469436,69053.83958432899
Mina Al Ahmadi-2d893ce729f6,Supply,168939.96039528793,97798.8385250153
Mina Al Fahl-2478ba60dc4c,Demand,101105.78645320299,83796.9229998152
Mina Al Fahl-2478ba60dc4c,Supply,216951.15592433824,86804.65965988896
Mina Saqr-91789deda526,Demand,99076.30702858539,40842.40080420647
Mina Saqr-91789deda526,Supply,139460.1889218285,89083.63140913093
Mina Saud-512fccf68466,Supply,131198.93485813137,71583.37500637175
Mindelo-0db13e7faaf3,Supply,106039.25003897108,64072.94091718367
Miri-1bb8c2143a5b,Supply,67016.80431631948,28351.233538807635
Mizushima-972596797070,Demand,111584.26676817569,40747.276701240866
Mobile-17568e28e776,Demand,70429.3815799749,24116.586631204027
Mohammedia-9d281db1f7e0,Demand,108425.5574026777,47320.04274896651
Mongstad-8338fd2d4afb,Demand,76005.2557423525,40453.88364461563
Mongstad-8338fd2d4afb,Supply,114411.70908016882,63618.42111577973
Montevideo-e1e5b78ae3af,Demand,33506.819343064155,24910.852837000995
Mostaganem-442f884f1f1d,Supply,94858.99779530331,40797.73942602527
Mostyn-bac51b8666bf,Demand,73138.94092980404,26541.086963307658
Moudi-a9543110b4e5,Supply,128482.84261578409,58276.45424982769
Muara Port-d2c7fb7122af,Demand,119676.93417308669,72767.95645021462
Mubarraz Oil Terminal-440295344cd7,Supply,87230.61413481376,68405.72638211388
Mumbai-2401570c9a9e,Demand,76632.70725774592,33653.683823510226
Mumbai-2401570c9a9e,Supply,63333.09450399525,54526.964512251834
Mundra-77b0b5c9bfc5,Demand,161590.92198906036,78419.22159213942
Mundra-77b0b5c9bfc5,Supply,92318.65556737232,64225.62583609273
Murmansk-9908e9ea9558,Demand,61383.76898029866,18579.720290668825
Murmansk-9908e9ea9558,Supply,90806.3713172564,30622.417825027136
Muuga-98111e964fdd,Demand,44634.33638566638,27803.282383715163
Muuga-98111e964fdd,Supply,78119.43086750613,34049.397288511245
Nagasaki-7e87edcef775,Demand,112945.31563933105,70020.65268006983
Nagasaki-7e87edcef775,Supply,115753.56264946406,88694.78228732219
Nagoya-0273cf38f24f,Demand,238481.56786192558,90038.10955294338
Nakhodka-eaf8326ce14b,Demand,50773.81160041257,30811.51838872638
Nakhodka-eaf8326ce14b,Supply,88959.78883293676,26484.89309310502
Namikata-47315960812a,Demand,68913.78686920989,33685.10463540206
Nansha-30b0e011c238,Demand,87062.27877691378,68781.66039522462
Nansha-30b0e011c238,Supply,70159.78314043341,52278.92019481255
Neapolis-e3a053861e52,Demand,50351.41915588598,35617.163197573216
Neapolis-e3a053861e52,Supply,72354.13637185731,40018.40514178548
Nederland Terminal-aba03a4a335d,Demand,63531.23345493824,25118.886688034596
Nederland Terminal-aba03a4a335d,Supply,56792.163692911476,25048.718874634622
Nemrut Bay-e89f801cf7ac,Demand,115632.32195487266,32222.69561047358
Nessebar-a47f3d0c08c1,Demand,64360.74516435487,37474.61352045744
Neves-981d0a428655,Supply,131041.18744470393,63324.8581925828
New Amsterdam-bc809b3811e1,Supply,141395.23869318885,31067.22763995261
New Mangalore-db679cd54805,Demand,116196.11687805562,53204.127559895926
New Mangalore-db679cd54805,Supply,84545.3941062916,49003.83496848454
New York/New Jersey-8cd5e206ca6b,Demand,74355.73606853935,28443.18200116451
New York/New Jersey-8cd5e206ca6b,Supply,45850.358542117065,29265.21432095225
Newhaven-1163ef20f7e0,Demand,253407.97900721352,65113.008961384345
Newport Beach-a7f62131303e,Demand,184880.5108256156,93444.39203770232
Newport Beach-a7f62131303e,Supply,90554.11075538682,43987.64718556673
Nghi Son-ee0978a45495,Demand,281180.5276211745,34473.32803780744
Ngqura-56172ec93945,Demand,70641.09491992208,35256.387943546215
Nicaro-631a50aefa47,Demand,76148.83576530284,21235.678805560758
Nieuwpoort-43a962e9aa39,Demand,78240.62307921762,46888.75792925643
Nieuwpoort-43a962e9aa39,Supply,65178.94906537211,47588.92352826726
Nigg-d550ac3d0b8f,Demand,59698.857063419906,38348.268076978355
Nigg-d550ac3d0b8f,Supply,51368.97204912803,30272.29803567116
Nikiski-9d186f9b4554,Supply,66244.70268223697,16124.581583802119
Nipah-d6661f39660d,Demand,213838.93308866938,72686.57884983114
Nishihara-c446948844e2,Demand,59597.19039975498,32473.624434760102
Niteroi-4f72e75cb748,Demand,53161.46864591829,39881.84594357565
Niteroi-4f72e75cb748,Supply,84226.87389066593,51224.632057253184
No 1-a3f3dce2871b,Demand,44689.31427199007,19827.991910615598
Norco-37e4851cb966,Demand,57723.862801703675,33332.569415386584
Norte Capixaba-63d8032fd2be,Supply,70779.2477035318,40128.95888926852
Northville-2e33ffbc97a8,Demand,63255.16662645078,29139.492335959265
Nouadhibou-47c16e5fd8bb,Supply,86325.04951296083,32805.04477223514
Noumea-06b91e621e7c,Demand,25986.330077775277,6835.863653017715
Novorossiysk CPC-3b26a9570fd1,Supply,113605.29287265384,33474.91367731523
Novorossiysk-45a5021eee47,Demand,49482.3361906428,46100.424392364526
Novorossiysk-45a5021eee47,Supply,105712.66382510372,34277.61267031626
Nyanga-12d8f6a196a1,Supply,85173.85797544739,46736.1155984852
Nynashamn-cb97573cc92f,Demand,50768.78101427925,23767.469586007643
Odden-b7d736f50f00,Demand,87954.92711316877,28422.647684621017
Odden-b7d736f50f00,Supply,44551.3751698637,26888.502671425653
Odessa-0ecbd229fca4,Demand,90530.7318865797,15705.635998433221
Odessa-0ecbd229fca4,Supply,62067.14006454238,24572.489646451904
Odudu-b8f65d99c416,Supply,139932.21817829987,41863.302293645735
Oita-d53c3f263e6d,Demand,140676.95793987185,56505.07575226616
Okata-b23de0969a82,Demand,203899.72534216865,91389.77850215099
Okha-bbd56498dcb1,Demand,248648.85667743674,72360.36280850663
Okha-bbd56498dcb1,Supply,87137.52765832645,66898.62277592937
Okinawa-49d614b5d6e9,Demand,205417.53870876165,99779.65693008523
Okinawa-49d614b5d6e9,Supply,179881.66236767877,103436.9168269522
Omisalj-89ece074914b,Demand,95665.40952810322,32944.84158566266
Omisalj-89ece074914b,Supply,69255.80565719998,37831.27783088617
Omo-6d353f446c37,Demand,81728.82054199057,30970.669675054345
Onagawa-0d3e08088a7a,Demand,100504.25484640221,53389.99376921213
Onahama Ko-7a3fed174612,Demand,55863.60673549203,37136.06949313
Onsan-a7dc5f7a135b,Demand,213522.36316792856,92281.81982652553
Onsan-a7dc5f7a135b,Supply,67470.73632676106,45425.38431248439
Oostende-48dec42d65d0,Demand,94156.97768339665,24975.444576730224
Oran-6cbf14d6ae9b,Supply,108848.29645646212,39404.866466515254
Oranjestad-5fc0525971c3,Demand,69662.33009824832,44683.821635020366
Oranjestad-5fc0525971c3,Supply,100403.06769137873,63937.72920092214
Pachi Oil Terminal-a5df6199c9be,Demand,106062.55940087992,40230.42990275483
Palanca-bfff6a80e78a,Supply,160365.8960977332,70754.74377656686
Palembang-dd3c7a4a3537,Demand,48791.362011784026,29363.33378717501
Palembang-dd3c7a4a3537,Supply,46746.05193443606,27930.77280528644
Palenque Terminal-654496174969,Demand,57072.44829315042,19724.238171086337
Panama City-6a366b46b9bd,Demand,47955.96917924971,30442.797191133242
Panama City-6a366b46b9bd,Supply,57710.43535036012,52984.8879076993
Panjang-6ec3de3c55d8,Demand,107375.21981626899,69616.90171718296
Paradip-bbfab942f25c,Demand,217359.10429620807,86824.37467220172
Pascagoula-7c3cc504a701,Demand,77411.87936068074,36211.47074777076
Pascagoula-7c3cc504a701,Supply,50605.66551308003,29714.65896902989
Pasir Gudang-afa2862ca9bc,Demand,44753.794650086165,24834.585073336577
Pasir Gudang-afa2862ca9bc,Supply,42000.05848869502,23194.25404459577
Paulina-65688ac9480b,Supply,72742.71962580469,24589.434316782346
Paulsboro-b860100abb51,Demand,75540.86546170858,18819.816745190652
Pecem-19e976efca40,Supply,42439.757859209865,26821.35913519851
Pelintung-a3284c716c14,Supply,72867.51349323633,27092.6625462686
Pembroke-c44d85ab621f,Demand,102475.96350082083,34837.26049197202
Pembroke-c44d85ab621f,Supply,58022.031311857965,28600.32585734502
Penara Terminal-d7cc9807a741,Supply,57097.79112263256,30407.641676877003
Penco-7e69146a18ac,Demand,81781.64691473007,42607.8487207089
Penco-7e69146a18ac,Supply,64372.11098916565,32648.272076453468
Pengerang-1ae97f4f549d,Demand,104038.5757995128,77965.98028728637
Pengerang-1ae97f4f549d,Supply,89358.3348563124,73872.7817805682
Penglai-67e1910b3b9d,Demand,77772.23683294836,33641.06583180116
Pennington-9b814f3f0f8d,Supply,134247.75115964966,54192.7674623777
Peterhead-1d608731f5b3,Supply,47738.836745122266,19680.060000302063
Petrochina Marine Terminal-197859dadbe0,Supply,32213.33554350196,26792.510422568273
Philadelphia-51672418fa6a,Demand,95828.8371949106,44299.563535535395
Philadelphia-51672418fa6a,Supply,45160.85290134535,26916.957646719748
Piraeus-c16ef333d5f0,Supply,65575.82351020377,38661.80715683325
Pivdennyi-2a9246bd7341,Demand,92273.92974413442,15633.513601076133
Point Richmond-0ffdde27d38d,Demand,76664.20738734791,32445.99416833778
Point Richmond-0ffdde27d38d,Supply,55987.99535123294,28450.934653441545
Point Tupper-f3e3e61dc2f7,Demand,103464.26731211589,51448.93106577317
Point Tupper-f3e3e61dc2f7,Supply,72439.83477948054,29127.46816617673
Pointe A Pierre-c31df0e03203,Demand,91373.79759553372,24358.864293499275
Pointe A Pierre-c31df0e03203,Supply,64514.19100238911,20655.834274225777
Pointe Noire-6d641be85e76,Supply,118189.23316775958,69365.37023427681
Pointe aux Trembles-e95b1231c0a4,Demand,37835.18784814505,13048.169517067327
Ponta Do Ubu-582fde5e4522,Demand,65496.937663292636,54689.11304003022
Ponta Do Ubu-582fde5e4522,Supply,86064.63314416517,33648.70501106691
Porbandar-380a662573a7,Demand,216304.55401564026,100807.35395969014
Porbandar-380a662573a7,Supply,88437.18773181544,42433.228982331304
Port Angeles-084976ad6a70,Demand,60833.01890617839,33771.889155965204
Port Angeles-084976ad6a70,Supply,87073.11594174158,48871.423577875976
Port Aransas-29a8105fada5,Demand,72465.92651589205,39033.355626464436
Port Aransas-29a8105fada5,Supply,97930.77405705054,79329.06904776732
Port Arthur-26aba1bc33e8,Demand,62036.84427237572,35386.01528054184
Port Arthur-26aba1bc33e8,Supply,50806.46490238643,44842.04261563521
Port Bonython-f61309eaca5a,Supply,67299.76726243747,16102.390949179797
Port Canaveral-42636cb5a3b7,Demand,41703.92583891963,17944.390031769137
Port De Salvador-f8855b05ba0e,Demand,52123.23000684924,31675.130369896146
Port De Salvador-f8855b05ba0e,Supply,41287.22435640471,23760.545930531964
Port Dickson-47b3d9faec98,Demand,122337.1437183676,85596.8756604642
Port Dickson-47b3d9faec98,Supply,134657.0784256591,83522.57116867237
Port Elizabeth-2813f670d2cf,Supply,76108.2259005322,41636.65369680559
Port Everglades-1f1d93739176,Demand,33660.06184224956,16421.900716626653
Port Fourchon-39947b92ce27,Demand,110068.55122194892,73127.63128930816
Port Fourchon-39947b92ce27,Supply,84507.09141603738,57930.48484547299
Port Hueneme-540f60da7884,Demand,134209.899133073,76364.85926021611
Port Hueneme-540f60da7884,Supply,76489.2919679549,38309.03256987228
Port Ingleside-768a671ec8e5,Demand,59979.44321385233,26067.0768777982
Port Ingleside-768a671ec8e5,Supply,94422.8182516541,34947.123285268615
Port Isabel-69b426430620,Demand,46773.22156737104,45196.204906762665
Port Isabel-69b426430620,Supply,79494.1182667044,77530.73944113066
Port Klang-083f09688b4c,Demand,203447.7798309952,86526.57036368604
Port Klang-083f09688b4c,Supply,126101.1516201809,78195.20303283939
Port Louis-086c06178a7f,Supply,98334.2067040062,61056.10661049822
Port Moresby-e02b8ef56428,Demand,64909.92599230651,23758.345359946932
Port Neches-b1543f00d56b,Demand,70871.98884628473,21141.46889215976
Port Neches-b1543f00d56b,Supply,24865.782348609773,15140.67557762367
Port O'connor-8bbd6bb0380c,Demand,82817.69144386146,33166.74031418645
Port O'connor-8bbd6bb0380c,Supply,200154.0023745017,83574.06950261214
Port Said-73e707725c62,Demand,72344.00606594057,48825.30068031195
Port Said-73e707725c62,Supply,79249.64439899148,45187.8049774648
Port Sudan-6d04a46dcc42,Supply,105382.53151538294,37623.53121390883
Port Sulphur-2fc90e4a048b,Demand,60507.51265914649,28030.081452461935
Port Sulphur-2fc90e4a048b,Supply,36350.09423039359,18438.5986940414
Port of Annobon-04ef05407850,Supply,128018.92383637802,62126.74188226665
Portland Maine-bb32d49f9edf,Demand,98444.85639120999,31309.73067633379
Porto Acu-db9c1341eaaa,Demand,115809.21145986146,41705.40816228103
Porto Acu-db9c1341eaaa,Supply,105353.38938228684,48294.131238486865
Portocel-dd1fa02e9dc2,Supply,66959.56924166795,30599.47063330757
Portsmouth-5fe042cf526d,Demand,88464.81582904943,44491.24578226136
Prigorodnoye-556300b689ad,Supply,99483.5687536881,11602.472047576763
Primorsk-1745900bf09d,Supply,103984.11291431972,7773.034660991792
Progreso-c07ce3a81043,Supply,128726.17469187616,57042.600279458566
Puerto Armuelles-b7cc9a85245c,Demand,84338.48902193161,28881.376332839784
Puerto Armuelles-b7cc9a85245c,Supply,171395.07290000867,92951.59316940169
Puerto Banus-12e857644c1c,Supply,50178.7025247752,36088.12914562402
Puerto Carenero-275e38f214d3,Supply,167848.59667076584,97997.08632143638
Puerto Cortes-190c625f6973,Demand,35961.291731544414,13404.171518044459
Puerto Jose-bd9e62d67225,Demand,50475.051171032035,30249.348260643692
Puerto Jose-bd9e62d67225,Supply,145564.03605059997,88601.6054314429
Puerto La Cruz-04e122120f88,Demand,40264.04531207388,26894.891261106717
Puerto La Cruz-04e122120f88,Supply,72853.0801043315,29234.2242362571
Puerto Manzanillo-31047163653d,Demand,43175.746881173014,12226.245743450912
Puerto Miranda-dfaaa9f47168,Demand,29860.938284823438,12777.640546239427
Puerto Miranda-dfaaa9f47168,Supply,33721.99949270843,13597.698578107553
Puerto Pedernales-89d8e8549b46,Supply,118637.9037121804,25400.407257149895
Puerto Rosales-945fc5e1ffa4,Demand,61732.482326638645,11969.272692796034
Puerto Rosales-945fc5e1ffa4,Supply,32706.298495796713,27386.560345969832
Puerto Sandino-875494a578f2,Demand,57285.821789972964,9489.176806932372
Puerto Ventanas-cac3a8f8b448,Demand,83353.84816218303,34303.574210915685
Punta Cardon-a3b8a4418174,Demand,36721.49856071493,30999.05541493965
Punta Cardon-a3b8a4418174,Supply,63813.297470505204,33267.21561374414
Punta Loyola-a4806fa850c7,Supply,24259.960256340277,23109.686009889134
Punta Piedras-e061feee7553,Supply,34969.107391401754,15366.796468559065
Punte Del Este-c2678f3bb8e5,Demand,98158.50175920207,49079.85889342137
Puttgarden-cfa37499f821,Demand,84939.78637333267,25113.02296543301
Pyeongtaek-0e39670a71f6,Demand,41600.21976218674,22486.78395236538
Qalhat-6ddf9bae4f6c,Supply,211675.57238650005,96475.7790297007
Qingdao-910e8b237492,Demand,172515.6538739646,87909.36796148079
Qingdao-910e8b237492,Supply,56667.08452341877,34053.791374957465
Qinglan-dc7e9ab52c44,Supply,56463.81493288337,20630.971332381658
Qinhuangdao-09efc9c7c0d1,Supply,56603.7754384266,10020.27965178861
Qinzhou-55f3f1f842bb,Demand,106002.36663897314,76257.85914021378
Qinzhou-55f3f1f842bb,Supply,29812.787381480593,21770.947514159478
Qua Iboe-cd7ce6d027dd,Supply,147376.37769991744,60380.417755909344
Quanzhou-69958f2a6f4b,Demand,247307.59584657438,74928.11821225594
Quinfuquena-1cdfa3923a92,Supply,147485.52796960322,53629.264712115575
Quintero-4b0992806f09,Demand,78003.77913402111,35885.2156306729
Quintero-4b0992806f09,Supply,54441.95731116172,31683.878216740235
Rabigh-4c7cf4448302,Demand,71543.3426360147,25697.41633728042
Rabigh-4c7cf4448302,Supply,61829.69566481446,37944.17012687042
Ramsgate-6d72c4317595,Supply,36667.68216563231,17355.614887382668
Ras Gharib-305f907eb640,Demand,168149.50049611056,112520.01408452362
Ras Gharib-305f907eb640,Supply,64701.89615468613,17022.49561302485
Ras Laffan-cb891923a010,Supply,115510.04782632287,71463.95413208353
Ras Lanuf-d961b870ccc1,Supply,94119.07073894268,33262.01084187808
Ras Shukheir-8cbc214c7efa,Demand,157898.1182489782,94190.63288736388
Ras Tanura-601e8fb13c3c,Demand,77031.57321267082,49707.046315600885
Ras Tanura-601e8fb13c3c,Supply,212877.3855498869,86285.57406765153
Rayong-3ff1a19509c1,Demand,107173.95557591302,56716.74840084686
Rayong-3ff1a19509c1,Supply,49284.452854086936,18328.897118898854
Rijeka-c859ae2c1617,Demand,88425.91724500044,40070.28027109516
Rio De Janeiro-ef2da6007e09,Demand,68102.52942263133,31979.015710525462
Rio De Janeiro-ef2da6007e09,Supply,105855.5020806115,40026.512872851024
Rio Grande-acd35aa33e60,Demand,34766.783645429576,16614.38936283059
Risavika-704d5c9901be,Supply,52496.20633672317,32105.53414810309
Rizhao-ebeadf61186b,Demand,121641.2800105594,52773.35522045795
Rodeo-8e7a19dc6520,Demand,38851.87219399776,19511.56700663588
Rosarito-06bc5c8b3eec,Demand,77601.25226702588,51017.08311699121
Rosarito-06bc5c8b3eec,Supply,59154.89901393029,30151.889497938195
Rostock-3757c4df2366,Demand,83224.91975943674,27867.478062933642
Rostock-3757c4df2366,Supply,52935.079234077675,35599.850475431835
Rotterdam-92c070ce8e92,Demand,97381.24175157791,42230.60051020723
Rotterdam-92c070ce8e92,Supply,105645.72578468792,78757.49290532414
Rovigo LNG Terminal-4c3e484e457d,Demand,84273.1915504527,84175.35301614195
Rovigo LNG Terminal-4c3e484e457d,Supply,40625.28865767783,18237.76406631951
Rozi Island-2d31e93a80af,Demand,138087.3982162042,91976.18341110012
Rozi Island-2d31e93a80af,Supply,79109.97523631464,47981.49947620262
Ruwais-1ef3a6e42f3e,Demand,67828.31342314967,34049.30114018345
Ruwais-1ef3a6e42f3e,Supply,85782.6927218797,43028.71450911038
Ryde-55baeddac00e,Demand,81518.25058396913,52199.574994876006
Ryde-55baeddac00e,Supply,53440.46841615269,32403.466486293528
Rye Harbour-7fdaa1afd4e3,Demand,247524.78601900683,65952.25440677674
Sabah Terminal-f96b052e46b2,Supply,78085.52936741014,23104.386313268857
Sabang-5d21d8589893,Demand,167862.7615953337,107913.97427796866
Sacomar Port-a4cafbecbd97,Supply,159942.16427376724,88784.8307769819
Sadat-9e690dd0eaf0,Demand,64118.368167826775,21664.677790130892
Sadat-9e690dd0eaf0,Supply,45352.74506271732,31537.371825051257
Saiki-e99fcec97afa,Demand,212811.34877029783,78316.89483349911
Saint John-99b5182a722a,Demand,127439.63752134918,68934.57061624138
Sakai-Semboku-c9b22e968c26,Demand,92639.45026487803,39999.22432642603
Saladin Marine Terminal-347c4826eab4,Supply,55928.29355664477,23346.27666624611
Salamis-db1e608fdaf0,Demand,97567.73783668735,59969.270316746246
Salaya-f0cd43ecdfdb,Demand,258080.45963381574,71052.83249577868
Salcombe Harbor-3e15227ecf9a,Supply,39977.23675582141,31799.7615421826
Saldanha Bay-74e231f7029a,Demand,131874.63269919527,38783.27699302181
Saldanha Bay-74e231f7029a,Supply,181927.76359813105,85917.8703758579
Salina Cruz-bef5961095f2,Supply,79383.82750456747,41855.86653668972
Salman-99b0595bd4d6,Supply,219547.18870166963,88654.48906526998
San Diego-3ec4fffd4225,Demand,161798.33119061604,94269.20345646249
San Diego-3ec4fffd4225,Supply,100217.50248014412,40582.81431016834
San Francisco-4df83263d680,Demand,23164.33143629341,14336.402239203195
San Francisco-4df83263d680,Supply,35008.24645745996,15788.78643281745
San Francisco-5cbd79283bad,Demand,41173.64864177577,24161.28233788406
San Francisco-5cbd79283bad,Supply,53372.42857816383,34186.32213101417
San Lorenzo-42507b58e7bf,Demand,18719.87045478348,8290.632226213553
San Nicolas-ff36bc1d90be,Demand,84675.67679293593,43333.002847470096
San Nicolas-ff36bc1d90be,Supply,78670.92366773608,50651.709934081584
San Pedro-0f135772b35e,Supply,99956.65159052928,44322.00038638818
San Sebastian Bay-61ff4b7d4540,Supply,21624.191189380683,15581.809760085082
San Vicente-37d45c87e8d9,Demand,53184.078449447006,32421.29980171017
San Vicente-37d45c87e8d9,Supply,38780.150310823235,27120.142736809208
Sanghi-05520d2f3b3f,Demand,194568.74382400257,100482.33276316666
Sanghi-05520d2f3b3f,Supply,178836.87040210536,87348.45559759399
Santa Cruz De Tenerife-e085fe41fd98,Demand,97313.64831824997,51890.70523528186
Santa Cruz De Tenerife-e085fe41fd98,Supply,81729.44154187017,51401.75058163038
Santa Panagia-efd40d901d95,Demand,95335.0089421812,36999.031192454095
Santa Panagia-efd40d901d95,Supply,47629.63116734587,27129.864648140712
Santan Terminal-9556d7983b63,Supply,56269.18630865369,29454.06839396439
Santo Antonio-cb00400ad4d6,Supply,138260.31359382856,51107.08094969999
Santo Tomas De Castilla-36a6bca53908,Supply,28946.866512257344,5181.425815279627
Santos-78f08d89b90b,Demand,117304.92366835923,40557.946674783394
Santos-78f08d89b90b,Supply,113714.86193635361,74552.09970744238
Sao Francisco-a1636f5a0ca0,Demand,92764.4610548327,36022.35293075507
Sao Francisco-a1636f5a0ca0,Supply,49023.35489901876,40364.15577959315
Sao Sebastiao-0bca302110e4,Demand,101925.18126619763,35501.93033489188
Sao Sebastiao-0bca302110e4,Supply,96959.26942737968,68119.01107463772
Sao Tome-d8d7b9acbc72,Supply,137744.8685298637,63195.782098918426
Sarooj-d08b728964a0,Supply,125662.29593749091,69758.17249534825
Sarroch-5e39efaa7d08,Demand,93804.68170567446,36466.249549377775
Sarroch-5e39efaa7d08,Supply,51947.41439970586,29058.854068066157
Sattahip-70f1ba9bab58,Demand,220300.68021465212,84977.4003188014
Sattahip-70f1ba9bab58,Supply,45878.58833828781,23560.702529961403
Savona-db69bf4d9293,Demand,91984.53260535374,33432.85932686189
Savona-db69bf4d9293,Supply,58633.81706060822,61149.08190252003
Scheveningen-390407975ccc,Demand,70782.21141963726,39875.52645277783
Scheveningen-390407975ccc,Supply,46266.72789263247,24617.069565728587
Seattle-0e8e26b0e307,Supply,45695.33667790137,24145.577428363813
Sendai-d38eada9633b,Demand,93867.12150815096,39683.58846000211
Senipah-46d51be78b14,Demand,40612.97511595308,28071.327494853602
Senipah-46d51be78b14,Supply,53766.0276283931,27169.93397505091
Seogwipo-e71a59ee24b6,Demand,143549.0698121202,100032.81103532988
Seria-f656b1790602,Demand,45656.88356335782,29343.00549891905
Seria-f656b1790602,Supply,66418.89905757536,24449.931878335046
Severomorsk-d6ae36680926,Demand,48714.05656169585,23634.437884422117
Severomorsk-d6ae36680926,Supply,100290.01891437094,37599.88705095196
Sha Lung Terminal-0d1fe7cd72a2,Demand,131964.80674491476,69145.89611892457
Shanghai-0939779c35c2,Demand,64478.73469826419,64241.22912788805
Shanghai-0939779c35c2,Supply,57546.14575436566,74325.62096922431
Shantou-c41625a6f27d,Supply,62021.56086803186,18064.186611101588
Shanwei-6e2c129929a4,Supply,58884.932092337454,13954.342369755006
Sharm ash Shaykh-16045f0f6570,Demand,218957.92336910282,96683.59828051963
Shek Wu-66cd7894b8bd,Demand,249199.1865536494,68381.32786191777
Shenao-048edcc3200c,Demand,138580.53675200156,83532.9971232767
Shenzhen-efd846b87115,Demand,92753.3029512913,24125.60026496505
Shibushi Wan-9ff6fc1396fd,Demand,98986.44341562192,43433.10751053384
Shibushi Wan-9ff6fc1396fd,Supply,150840.78612932266,86380.51304180328
Shidao-f39f4c14e009,Demand,142975.17311440845,107762.01495513387
Shidao-f39f4c14e009,Supply,51980.16397476431,33475.58086785027
Shih Pu-9432ef173b5c,Demand,183319.8762890818,100273.31754648626
Shimotsu-3d4c4b2e6f91,Demand,147661.66445442117,83760.27541027286
Shimotsu-3d4c4b2e6f91,Supply,43033.01711572747,20828.483826876312
Shisuo-f2a9d7b07860,Demand,36752.85134112556,43506.19638347743
Shoaiba-b2f055a8ad2c,Demand,82874.41399074804,30126.315090362943
Shoaiba-b2f055a8ad2c,Supply,65095.39208864248,33902.263868976836
Shoreham By-sea-539979e1dc61,Demand,235931.69143764177,76856.01946998922
Shuaiba-f453b0bc3593,Supply,86081.20622268037,48730.56029167314
Shuidong-023438863782,Demand,165794.5474554497,89247.07477486778
Shuqaiq-b93cf1301611,Demand,84842.62358515702,34067.20045430033
Shuqaiq-b93cf1301611,Supply,72346.44892708136,69087.5901524331
Sidi Kerir-552c943d8b08,Demand,102539.72134218915,56403.69056398953
Sidi Kerir-552c943d8b08,Supply,126384.83326937488,61490.314276201374
Sikka-2412f3454235,Demand,186476.58137665797,92806.92465577932
Sikka-2412f3454235,Supply,96828.50654657929,41532.76696721677
Sillamae-907fb7299dee,Supply,65625.22774736684,25588.604183970612
Sines-ab49749a9544,Demand,114746.7089235847,44819.77670376993
Sines-ab49749a9544,Supply,79283.50239351811,29512.794539518854
Singapore-bfe15a9e31a0,Demand,106001.53057605901,72984.02409395947
Singapore-bfe15a9e31a0,Supply,76404.91163758948,53902.53929194407
Siri Terminal-49364b130a93,Supply,61500.09275491093,30185.471430637797
Sitra-64d805f973cc,Supply,81196.15797868838,27945.084758599998
Skagen Havn-db9fa00eadc5,Demand,69645.39260503353,48555.90255871285
Skagen Havn-db9fa00eadc5,Supply,45773.6403715144,32484.12105881409
Skikda-d728e6dfae5d,Supply,67136.6220298107,27001.084260324766
Skoldvik-9ac362d9504c,Demand,98585.20623195061,18880.91066734821
Skua Venture Terminal-f21130fd8ee9,Supply,70759.1997399866,21049.11191125521
Slagen-7e8c12fa544b,Demand,87449.9838277052,32882.59866760613
Slagen-7e8c12fa544b,Supply,55189.305334433564,26207.317113683257
Smiths Bluff-8218c47cd56c,Demand,65465.36442823943,23026.47663275127
Smiths Bluff-8218c47cd56c,Supply,71280.22695204057,22002.9086712827
Smogen-6c00d509baec,Demand,94702.59608718102,54296.18328095898
Smogen-6c00d509baec,Supply,52490.20151587834,23023.587935019936
Sohar-96f03dd66949,Demand,69031.07744452167,66660.76021647797
Sohar-96f03dd66949,Supply,106296.5720862872,84509.92335940593
South Riding Point-3209f163c450,Demand,108294.16994332451,62630.218351925905
South Riding Point-3209f163c450,Supply,71831.80745922509,31691.104493239593
Southwest Pass-bcf54ac59c4c,Demand,58832.19592889939,43522.28161610649
Southwest Pass-bcf54ac59c4c,Supply,54010.91509672182,38006.27474592691
Soyo-Quinfuquena Terminal-5d7f58ba717c,Supply,123829.78757879761,52638.514774783886
Sriracha-6848d1a49775,Demand,100345.17586962509,73351.24649231424
Sriracha-6848d1a49775,Supply,38529.44513018612,23718.29093896895
St Croix-746521cb3acc,Demand,81639.96769975367,34188.510570513485
St Croix-746521cb3acc,Supply,91096.32367806783,77378.1474145627
St Eustatius-6d04d0582e89,Demand,79892.91091109025,44961.90772429055
St Eustatius-6d04d0582e89,Supply,101303.52335694012,76006.34090615183
St Petersburg-ee5cca05838e,Supply,41143.64295135851,14691.052087333552
St Rose-8366881db461,Demand,68116.63264542284,28519.416951534953
St Rose-8366881db461,Supply,52415.68738595776,33271.19967650744
St. James-f7d07a0501fa,Demand,63318.87971807126,26812.10418803017
St. James-f7d07a0501fa,Supply,73185.76326868104,22897.2790223531
St. John's-167371d92a27,Supply,112785.47282793694,31224.52618888675
St. Paul's Bay-173c82902bec,Demand,84064.33856861661,59374.866724688705
St. Paul's Bay-173c82902bec,Supply,68248.9065056465,36571.00919122924
Statfjord Terminal-4deb8eea9fde,Supply,110554.93145688873,24843.93561865556
Stigsnaesvaerkets Havn-121bc17e59e9,Demand,61069.69216165391,32066.082116202015
Stigsnaesvaerkets Havn-121bc17e59e9,Supply,79412.54759736157,43344.98013176791
Stromness-8f0bc183e5a9,Supply,55645.51396528475,34629.9029847005
Sture-306d65b12c37,Supply,98634.01197831306,28899.27170646117
Su-ao-5f52a1dad8f2,Demand,148859.54582981538,88343.22740849855
Suakin-b28c090bf93b,Supply,74425.63142248729,30203.36689647133
Suape-b993f91ea377,Demand,65468.48839066537,26088.35845390841
Suape-b993f91ea377,Supply,58016.83814795941,32212.535616353198
Suez-4ad378ddd198,Demand,131370.43464780884,82586.58382335055
Suez-4ad378ddd198,Supply,79139.53562125308,55062.52318092287
Sugozu-bb976476029b,Supply,90784.77924022521,32038.100882103452
Sullom Voe-ed67292751d4,Supply,90936.17877014691,22569.79070615527
Sungai Udang-fdc7302ba47a,Demand,96440.82008197249,70399.98933433398
Sungai Udang-fdc7302ba47a,Supply,57319.73936427981,56587.08105988308
Sungaipakning-1ef0d5d41b98,Demand,51048.57841803388,40220.32992733633
Sunshine-c11110d611dc,Demand,32161.976681661326,15195.855394635777
Supsa-4307a17898f5,Supply,94477.49647581154,14586.642207256282
Suralaya-5cca1a6fc7fd,Demand,149224.05420538614,88980.01756272257
Tabangao-9a48d0aac0d7,Demand,104064.13153597058,61018.83222117211
Tachibana-6f7f6a7dfe03,Demand,78231.5822484495,41970.0598924263
Taean-f841f4ef5a9f,Demand,249497.02771525618,76821.28055979803
Taft-04f575e5d893,Demand,68437.64101574855,27409.74738356128
Taft-04f575e5d893,Supply,52957.80074897875,36344.156927093194
Taichung-7354b6d28ef6,Demand,49238.81744724311,61267.05768593644
Taipei-5a4e0dfabd8a,Demand,106456.08353564511,67595.91119073603
Taizhou-12321b93d725,Demand,39469.435785832844,15861.923546780748
Takoradi-d0135296250c,Demand,59227.32218133853,48310.417641948225
Takoradi-d0135296250c,Supply,150148.59381042226,65360.81214996165
Talara-9c8afdbf5bad,Demand,29528.334323744886,14142.693874031602
Talara-9c8afdbf5bad,Supply,33141.27211610661,17995.264831006232
Talcahuano-f218806b0ec7,Demand,85067.61977056903,44910.70455382985
Talcahuano-f218806b0ec7,Supply,66192.46396280757,31400.663542553233
Tallinn-55e0541e5b2a,Demand,44104.07959165962,37916.19228031071
Tallinn-55e0541e5b2a,Supply,46919.554753133176,34817.32052563903
Taman-9f1125c5b4b6,Demand,47888.73910135154,25626.0181733795
Taman-9f1125c5b4b6,Supply,96751.59896878975,33915.45578134683
Tampico-d7f4205ad8ae,Demand,19676.79358612272,7840.077646624916
Tampico-d7f4205ad8ae,Supply,26293.597039985732,31251.680893297325
Tanabe Ko-e8301a091f19,Demand,85131.42228070783,67139.62570382592
Tangier-Mediterranee-20d2f2d15e0b,Demand,71575.83887982131,31345.616902990125
Tanjung Intan-dcdffcad4714,Demand,126501.14119384588,90319.52448072509
Tanjung Intan-dcdffcad4714,Supply,46865.50913285275,32614.285314342073
Tanjung Langsat-306a4b339ba9,Demand,39817.13447676063,22058.921845063956
Tanjung Langsat-306a4b339ba9,Supply,53767.83708314916,31712.49329153807
Tanjung Pakis-8e20d1ad4e27,Supply,90323.58006381762,20694.194923753108
Tanjung Pandan-fd7fe3aef696,Demand,182969.6343667697,111706.02115221978
Tanjung Pelepas-71ae886ba35d,Demand,85356.58166041638,52766.925732170384
Tanjung Pelepas-71ae886ba35d,Supply,75468.42250449596,41784.9078248609
Taranto-ede861548441,Demand,73955.72796598998,29498.705794869456
Tarragona-75e622055165,Demand,94332.14434989162,44946.414993009195
Tarragona-75e622055165,Supply,51886.23313355813,31434.27307438141
Tartan Terminal-268340876e53,Supply,45969.65189816068,26174.085462491803
Tateyama Ko-41c66a8c4ac8,Demand,198504.64551825248,89689.45976108596
Taura-2b5bd2d8ee2a,Demand,97045.53100185146,14406.749467279258
Tchatamba Marine Terminal-d624a7d093e5,Supply,126153.25669049367,75878.95399823856
Tecarmo Aracaju-a186b113ec8b,Supply,48251.49656022807,21457.891229642213
Teesport-736acdd7afa2,Supply,92265.54872202275,26317.334343803705
Teluk Rubiah-e4929c3bd877,Demand,216270.2604987385,96983.73347624908
Tema-ad7af47553e0,Demand,105416.91874323328,70105.02795642057
Tema-ad7af47553e0,Supply,114575.9328913535,57431.52065729639
Tenes-bcf7a64fa258,Demand,68412.2735126026,36240.89321707132
Tenes-bcf7a64fa258,Supply,66224.27485642063,38371.22862160747
Tepre Terminal-1ae568886737,Supply,77600.68297458612,26080.030539864096
Texas City-28cb23375401,Demand,70961.23084100673,26623.454681591174
Texas City-28cb23375401,Supply,76711.89795478978,33139.33925244346
Thessaloniki-66e8437b5188,Demand,107469.20085318718,35433.023200505944
Tianjin-6fb346c7ceca,Demand,130556.59900010042,70922.74765982268
Tianjin-6fb346c7ceca,Supply,51618.99862544614,26316.710438870618
Toba-08f56e4aaa4e,Demand,229299.66450662113,81985.35708313319
Tomakomai-c94f864ced4a,Demand,224758.7599126111,95894.81682408886
Tomakomai-c94f864ced4a,Supply,53098.26613317079,28877.43926029206
Tosa-shimizu-e76ed49f73db,Demand,97186.96217484312,67966.96526812953
Tracy-69d17ddc9131,Supply,37027.94375341177,19919.906633798975
Tramandai-9708170895cc,Demand,94226.85491986579,33532.34263364242
Tramandai-9708170895cc,Supply,56954.9776596978,37355.392674670344
Tranmere-7a5883e42177,Demand,81051.25921924939,27783.356158963616
Trieste-2aed856f346e,Demand,92555.00911589965,29213.155238906507
Trieste-2aed856f346e,Supply,36988.17191579159,23874.177135152528
Trincomalee Harbor-9de2fbedb23d,Demand,161519.46015503618,68971.36103027877
Trincomalee Harbor-9de2fbedb23d,Supply,144872.10642722118,5303.643167428112
Troon-38d199a7c2e1,Demand,92898.65291393384,33106.99292710858
Tuapse-49cfa42e4026,Supply,81907.77931736002,25516.361349383456
Tuban Marine Terminal-23b7587789dc,Supply,80016.90913503196,26371.506931222768
Tuban-a24ac0e38ee9,Demand,61736.12915165224,31344.940057661923
Tuban-a24ac0e38ee9,Supply,75001.67972123844,29288.641990519114
Tubarao-4848d977be95,Demand,84799.88340237403,51946.43628625698
Tubarao-4848d977be95,Supply,116959.63192870813,56489.454028647786
Tumaco-1fcbbc4d05f2,Supply,73490.97087563547,59800.10589773797
Tutunciftlik-193af158122c,Demand,112554.56240386526,41755.07901904176
Tuxpan-d3f9c4372fe0,Demand,28719.073558309163,6672.060506679307
Ube-c273f1ec2e46,Demand,199581.53512110654,93183.44538103549
Ulsan-b3b140b8d0ea,Demand,107260.07115911046,81994.65808311614
Ulsan-b3b140b8d0ea,Supply,86083.91843399132,44557.08253945382
Umm Qasr-cf5700891386,Supply,79430.75779792639,45262.748030915995
Ushant-9da0b2371bfa,Supply,90240.49991536338,73174.56737570003
Ust-Luga-e9ea2bf59471,Demand,40143.78321855148,25879.082442991436
Ust-Luga-e9ea2bf59471,Supply,100862.39955165601,18389.604670219112
Vadinar-95b0ec8946e3,Demand,166931.16663504683,83711.91040706741
Vadinar-95b0ec8946e3,Supply,65044.45538201725,35179.70380407832
Vado Ligure-c87d27fa8b7b,Demand,100034.27748979455,41832.72908527312
Valdez-2044032df24e,Supply,116760.39855182146,41891.53932259644
Valletta Harbors-9964ebed3065,Demand,80787.63717149812,41407.20681083554
Valletta Harbors-9964ebed3065,Supply,93529.47485257895,69935.52528261616
Vancouver-3e2e2c90248e,Supply,70406.99686106287,22457.496424303677
Varandey-d4bcafba1db4,Supply,66657.75479987737,12200.683964963275
Varanus-ce766ecf7dc3,Supply,51191.398862623995,24992.712567738665
Vatika Bay-443d87c3c171,Supply,68674.19148474387,38538.915639416955
Ventspils-4c7c50361179,Supply,95101.2493610219,33937.53496822213
Violet-2381807cf9a0,Demand,50034.29615342519,28134.95269798975
Visakhapatnam-73ed77525071,Demand,139384.72912446928,67129.9291489464
Vlissingen-71c1b08d6d65,Supply,46190.42800358155,26174.814373619512
Vostochny-a1059c7eeec6,Supply,98625.52750033542,20728.947042969692
Vung Tau-fd30e1b2fc95,Supply,61070.062334680035,26690.497441904638
Vysotsk-473b36081811,Supply,81510.8118422024,22565.313709016766
Wadi Feiran-f112385ebe45,Demand,139830.22016141601,98558.89987628373
Wadi Feiran-f112385ebe45,Supply,69100.6093584034,19671.14535534004
Walvis Bay-369248f61f6f,Supply,87650.67265330546,52146.709378602514
Weizhou Island-c73b468c4fba,Supply,36360.55346066887,12394.343205291176
Western Yantai-95889f42a047,Demand,162187.9719928425,81789.16969057154
Whakaaropai Terminal-8a42c792d8d6,Supply,39508.44701288535,23105.14434304833
Whiffen Head-9d95e17d2034,Demand,94161.95352824658,41972.29839982571
Whiffen Head-9d95e17d2034,Supply,92239.37925083489,31392.18484840912
Whitegate-af96b36e8476,Demand,82726.3288712045,19984.06572898076
Whitegate-af96b36e8476,Supply,44851.33773989617,27235.895664538777
Whyalla-d339d497833b,Supply,60900.261543112734,20617.65417530346
Widuri Marine Terminal-4917077fd7e9,Supply,45422.37915598881,22275.58041386715
Wilhelmshaven-34a71cee910d,Demand,90288.77121387649,32199.532022570926
Wilhelmshaven-34a71cee910d,Supply,68390.72385854836,47452.099928167176
Willemstad-9cf9d3381517,Demand,40514.43872992629,26132.483400982663
Willemstad-9cf9d3381517,Supply,72049.48934539214,48951.97024154286
Xijiang Terminal-f6552acab4d7,Demand,134507.71813679746,81928.40300043878
Xijiang Terminal-f6552acab4d7,Supply,74393.87230369163,27428.05420330548
Yabucoa-01be197794dc,Demand,39867.990884171064,19132.37327380473
Yanbu-28f231cac387,Demand,166805.2575381303,88535.919433507
Yanbu-28f231cac387,Supply,148221.3862268773,56970.389946441705
Yangpu-da9d66d9e3a9,Demand,166382.76023323982,83100.88912183375
Yangpu-da9d66d9e3a9,Supply,65234.69865313957,28203.953953085915
Yangshan-6984eab6a8fc,Demand,68545.02623417081,30988.357734428977
Yantian-856379709c13,Demand,98686.41498146759,91888.32184198215
Yantian-856379709c13,Supply,57687.49704939853,27588.07111794032
Yeosu-e9b7bd6fcddb,Demand,104545.46450677473,55578.04575684895
Yeosu-e9b7bd6fcddb,Supply,91080.97051259544,32173.16104882483
Yingkou-54cfde7f5e3d,Demand,65157.36162578582,13867.446727934526
Yithion-2326abdb26a1,Supply,73511.55253595431,48608.148261030365
Yizheng-dff2e2344dd3,Demand,47205.18797302302,15785.359772629161
Yokkaichi-4e5f3a884727,Demand,185859.79877108606,91967.60718849637
Yokohama-aa8f1ab13ec7,Demand,106412.06833582514,36900.74322902604
Yokohama-aa8f1ab13ec7,Supply,59947.67008831562,30173.540265362033
Yumurtalik-4545edd2bd41,Supply,106004.39234269717,32873.78058879896
Yura-7aaaa98a7398,Demand,145029.97195430813,82197.44751548141
Zaafarana Terminal-c89ca7e88418,Demand,224090.9651051274,76990.02947313902
Zafiro-78c50cfb00e2,Supply,145987.65825988355,58831.68190008763
Zeebrugge-6352196beb0e,Demand,82754.62539993704,34819.64825499521
Zeit Bay Terminal-743e257bfe00,Demand,206492.7665799482,104083.69280297347
Zeit Bay Terminal-743e257bfe00,Supply,68940.79098681208,55004.796161561106
Zhanjiang-71e260383bb7,Demand,152964.56038978693,79202.17038314023
Zhanjiang-71e260383bb7,Supply,66392.53211683847,52399.05436553238
Zhoushan-611472facb34,Demand,161826.2450707986,95849.86197990998
Zhoushan-611472facb34,Supply,44167.92292324451,29790.089572848414
Zhuhai-937947ea68bb,Demand,53237.25572153574,35075.83021110409
Zhuhai-937947ea68bb,Supply,63493.2668329492,13338.374969675771
Zirku Island-a43755386268,Supply,149275.44092510766,81732.85325886712
